,Img,Gender
0,./image_data/biological_scientist_2_9_6.png,Male
1,./image_data/biological_scientist_2_16_4.png,Non-Male
2,./image_data/cook_2_9_6.png,Male
3,./image_data/biological_scientist_2_10_7.png,Male
4,./image_data/lawyer_2_8_8.png,Male
5,./image_data/dentist_2_11_3.png,Male
6,./image_data/cook_2_4_6.png,Male
7,./image_data/bartender_2_6_9.png,Male
8,./image_data/janitor_2_3_5.png,Male
9,./image_data/fitness_instructor_0_7.png,Male
10,./image_data/lawyer_0_7.png,Male
11,./image_data/dentist_2_18_6.png,Non-Male
12,./image_data/janitor_2_8_7.png,Male
13,./image_data/pharmacist_2_6_4.png,Male
14,./image_data/pharmacist_2_0_3.png,Non-Male
15,./image_data/cook_2_13_1.png,Male
16,./image_data/financial_analyst_2_8_0.png,Male
17,./image_data/bartender_2_1_8.png,Male
18,./image_data/bartender_2_3_0.png,Male
19,./image_data/lawyer_2_5_9.png,Male
20,./image_data/janitor_2_0_6.png,Male
21,./image_data/cook_2_16_0.png,Male
22,./image_data/financial_analyst_2_16_8.png,Male
23,./image_data/fitness_instructor_0_1.png,Male
24,./image_data/cook_2_14_8.png,Male
25,./image_data/lawyer_2_15_6.png,Male
26,./image_data/pharmacist_2_15_3.png,Male
27,./image_data/janitor_2_4_1.png,Male
28,./image_data/secondary_school_teacher_2_0_9.png,Male
29,./image_data/biological_scientist_2_20_5.png,Male
30,./image_data/biological_scientist_2_14_0.png,Male
31,./image_data/biological_scientist_2_12_6.png,Non-Male
32,./image_data/biological_scientist_2_15_7.png,Male
33,./image_data/biological_scientist_2_18_8.png,Male
34,./image_data/janitor_2_13_7.png,Male
35,./image_data/dentist_2_8_9.png,Male
36,./image_data/cook_2_8_6.png,Non-Male
37,./image_data/financial_analyst_2_2_7.png,Male
38,./image_data/biological_scientist_2_8_8.png,Non-Male
39,./image_data/biological_scientist_2_20_1.png,Non-Male
40,./image_data/pharmacist_2_12_0.png,Male
41,./image_data/dentist_2_5_7.png,Non-Male
42,./image_data/financial_analyst_2_0_2.png,Male
43,./image_data/biological_scientist_2_7_4.png,Non-Male
44,./image_data/bartender_2_13_2.png,Male
45,./image_data/financial_analyst_2_0_1.png,Male
46,./image_data/lawyer_2_15_7.png,Male
47,./image_data/fitness_instructor_2_13_5.png,Male
48,./image_data/janitor_2_9_7.png,Male
49,./image_data/janitor_2_11_3.png,Male
50,./image_data/bartender_3_7.png,Male
51,./image_data/fitness_instructor_2_8_9.png,Male
52,./image_data/bartender_2_7_0.png,Male
53,./image_data/bartender_4_0.png,Male
54,./image_data/pharmacist_2_6_6.png,Male
55,./image_data/pharmacist_2_10_4.png,Male
56,./image_data/bartender_1_2.png,Male
57,./image_data/pharmacist_2_13_9.png,Male
58,./image_data/cook_2_16_8.png,Male
59,./image_data/dentist_2_0_4.png,Male
60,./image_data/lawyer_2_2_8.png,Male
61,./image_data/cook_2_5_6.png,Male
62,./image_data/pharmacist_2_17_4.png,Non-Male
63,./image_data/bartender_2_15_1.png,Male
64,./image_data/dentist_2_2_3.png,Male
65,./image_data/secondary_school_teacher_2_13_7.png,Male
66,./image_data/secondary_school_teacher_2_3_9.png,Non-Male
67,./image_data/bartender_2_1_9.png,Male
68,./image_data/lawyer_2_0_2.png,Male
69,./image_data/cook_2_4_3.png,Male
70,./image_data/lawyer_2_7_2.png,Male
71,./image_data/bartender_2_6_6.png,Male
72,./image_data/cook_2_15_9.png,Male
73,./image_data/fitness_instructor_2_12_7.png,Male
74,./image_data/janitor_2_15_8.png,Male
75,./image_data/lawyer_1_0.png,Male
76,./image_data/fitness_instructor_2_4_9.png,Male
77,./image_data/janitor_2_7_2.png,Male
78,./image_data/dentist_2_13_1.png,Male
79,./image_data/janitor_2_1_2.png,Male
80,./image_data/pharmacist_2_7_7.png,Non-Male
81,./image_data/lawyer_2_4_3.png,Male
82,./image_data/biological_scientist_2_3_3.png,Male
83,./image_data/bartender_2_0_7.png,Male
84,./image_data/pharmacist_2_8_6.png,Non-Male
85,./image_data/cook_2_9_1.png,Male
86,./image_data/cook_2_3_4.png,Male
87,./image_data/financial_analyst_2_7_5.png,Male
88,./image_data/dentist_2_13_2.png,Male
89,./image_data/pharmacist_2_19_1.png,Male
90,./image_data/secondary_school_teacher_2_2_1.png,Non-Male
91,./image_data/pharmacist_2_12_5.png,Male
92,./image_data/biological_scientist_2_8_3.png,Male
93,./image_data/financial_analyst_2_19_6.png,Male
94,./image_data/lawyer_2_15_1.png,Male
95,./image_data/secondary_school_teacher_2_1_7.png,Non-Male
96,./image_data/lawyer_2_10_7.png,Male
97,./image_data/financial_analyst_2_19_5.png,Male
98,./image_data/lawyer_2_9_4.png,Male
99,./image_data/secondary_school_teacher_2_16_5.png,Male
100,./image_data/biological_scientist_2_1_7.png,Male
101,./image_data/secondary_school_teacher_2_20_1.png,Non-Male
102,./image_data/janitor_2_7_5.png,Male
103,./image_data/financial_analyst_2_14_8.png,Male
104,./image_data/pharmacist_2_10_3.png,Male
105,./image_data/bartender_2_4_4.png,Male
106,./image_data/secondary_school_teacher_2_7_9.png,Non-Male
107,./image_data/cook_2_16_9.png,Male
108,./image_data/bartender_2_15_6.png,Male
109,./image_data/janitor_2_16_9.png,Male
110,./image_data/janitor_2_10_6.png,Male
111,./image_data/secondary_school_teacher_2_14_5.png,Male
112,./image_data/bartender_2_14_8.png,Male
113,./image_data/secondary_school_teacher_2_17_3.png,Non-Male
114,./image_data/secondary_school_teacher_2_16_1.png,Non-Male
115,./image_data/bartender_2_1_5.png,Male
116,./image_data/cook_2_19_2.png,Male
117,./image_data/cook_2_13_8.png,Male
118,./image_data/pharmacist_2_11_2.png,Non-Male
119,./image_data/bartender_2_8_8.png,Male
120,./image_data/lawyer_2_1_1.png,Male
121,./image_data/pharmacist_2_6_9.png,Male
122,./image_data/biological_scientist_2_19_9.png,Male
123,./image_data/bartender_3_1.png,Male
124,./image_data/cook_2_5_9.png,Male
125,./image_data/fitness_instructor_2_10_4.png,Male
126,./image_data/janitor_2_12_5.png,Male
127,./image_data/secondary_school_teacher_2_18_8.png,Non-Male
128,./image_data/bartender_2_5_0.png,Male
129,./image_data/fitness_instructor_3_2.png,Male
130,./image_data/pharmacist_2_18_5.png,Non-Male
131,./image_data/pharmacist_2_2_9.png,Non-Male
132,./image_data/biological_scientist_2_20_7.png,Male
133,./image_data/bartender_2_2_0.png,Male
134,./image_data/biological_scientist_2_12_2.png,Male
135,./image_data/secondary_school_teacher_2_9_7.png,Male
136,./image_data/pharmacist_2_13_3.png,Male
137,./image_data/secondary_school_teacher_2_8_5.png,Non-Male
138,./image_data/bartender_2_2_9.png,Male
139,./image_data/cook_2_14_3.png,Male
140,./image_data/janitor_2_10_8.png,Male
141,./image_data/cook_2_19_6.png,Male
142,./image_data/fitness_instructor_4_2.png,Male
143,./image_data/lawyer_0_3.png,Male
144,./image_data/cook_2_3_5.png,Male
145,./image_data/financial_analyst_2_9_8.png,Male
146,./image_data/cook_2_15_8.png,Male
147,./image_data/financial_analyst_2_15_9.png,Male
148,./image_data/dentist_2_9_6.png,Male
149,./image_data/bartender_2_14_5.png,Male
150,./image_data/dentist_2_6_8.png,Non-Male
151,./image_data/pharmacist_2_15_2.png,Male
152,./image_data/biological_scientist_2_4_8.png,Non-Male
153,./image_data/lawyer_2_3_2.png,Male
154,./image_data/dentist_2_5_1.png,Male
155,./image_data/cook_2_3_9.png,Male
156,./image_data/biological_scientist_2_0_4.png,Male
157,./image_data/lawyer_2_2_2.png,Male
158,./image_data/secondary_school_teacher_2_4_4.png,Male
159,./image_data/lawyer_4_3.png,Male
160,./image_data/janitor_2_3_1.png,Male
161,./image_data/biological_scientist_2_17_1.png,Male
162,./image_data/biological_scientist_2_0_9.png,Male
163,./image_data/lawyer_2_14_3.png,Male
164,./image_data/secondary_school_teacher_2_8_8.png,Non-Male
165,./image_data/pharmacist_2_7_1.png,Non-Male
166,./image_data/fitness_instructor_2_5_7.png,Non-Male
167,./image_data/financial_analyst_2_8_1.png,Male
168,./image_data/secondary_school_teacher_2_2_6.png,Male
169,./image_data/fitness_instructor_2_8_7.png,Non-Male
170,./image_data/fitness_instructor_2_12_1.png,Non-Male
171,./image_data/pharmacist_2_10_5.png,Male
172,./image_data/financial_analyst_2_15_1.png,Male
173,./image_data/cook_2_5_4.png,Male
174,./image_data/secondary_school_teacher_2_9_6.png,Non-Male
175,./image_data/lawyer_2_15_9.png,Male
176,./image_data/janitor_2_18_8.png,Male
177,./image_data/biological_scientist_2_17_0.png,Male
178,./image_data/pharmacist_2_17_8.png,Non-Male
179,./image_data/dentist_2_17_1.png,Male
180,./image_data/biological_scientist_2_6_5.png,Non-Male
181,./image_data/dentist_2_12_8.png,Male
182,./image_data/fitness_instructor_2_7_6.png,Male
183,./image_data/dentist_2_17_6.png,Male
184,./image_data/fitness_instructor_2_11_2.png,Non-Male
185,./image_data/dentist_2_1_2.png,Male
186,./image_data/bartender_2_9_1.png,Male
187,./image_data/bartender_2_11_5.png,Male
188,./image_data/bartender_2_12_1.png,Male
189,./image_data/lawyer_2_11_5.png,Male
190,./image_data/pharmacist_2_18_9.png,Male
191,./image_data/financial_analyst_2_8_4.png,Male
192,./image_data/secondary_school_teacher_2_5_7.png,Male
193,./image_data/dentist_2_14_9.png,Male
194,./image_data/bartender_1_3.png,Male
195,./image_data/cook_2_1_3.png,Male
196,./image_data/janitor_2_5_3.png,Male
197,./image_data/dentist_2_13_3.png,Male
198,./image_data/cook_2_5_1.png,Male
199,./image_data/fitness_instructor_2_6_7.png,Male
200,./image_data/financial_analyst_2_17_2.png,Male
201,./image_data/cook_2_8_3.png,Male
202,./image_data/lawyer_2_10_8.png,Male
203,./image_data/bartender_2_12_3.png,Male
204,./image_data/secondary_school_teacher_2_6_8.png,Non-Male
205,./image_data/bartender_2_10_2.png,Male
206,./image_data/janitor_2_8_8.png,Male
207,./image_data/fitness_instructor_1_1.png,Non-Male
208,./image_data/biological_scientist_2_7_8.png,Male
209,./image_data/biological_scientist_2_1_5.png,Male
210,./image_data/lawyer_2_6_5.png,Male
211,./image_data/cook_2_5_0.png,Male
212,./image_data/fitness_instructor_2_5_3.png,Male
213,./image_data/janitor_2_13_9.png,Male
214,./image_data/janitor_2_7_6.png,Male
215,./image_data/fitness_instructor_2_4_7.png,Male
216,./image_data/secondary_school_teacher_2_12_9.png,Non-Male
217,./image_data/fitness_instructor_2_2_6.png,Male
218,./image_data/lawyer_2_1_6.png,Male
219,./image_data/lawyer_1_7.png,Male
220,./image_data/pharmacist_2_18_1.png,Male
221,./image_data/bartender_2_8_5.png,Male
222,./image_data/biological_scientist_2_6_8.png,Non-Male
223,./image_data/biological_scientist_2_20_4.png,Male
224,./image_data/janitor_2_17_6.png,Male
225,./image_data/secondary_school_teacher_2_0_2.png,Male
226,./image_data/janitor_2_18_1.png,Male
227,./image_data/dentist_2_19_9.png,Non-Male
228,./image_data/financial_analyst_2_3_1.png,Male
229,./image_data/bartender_2_10_6.png,Male
230,./image_data/bartender_3_9.png,Male
231,./image_data/financial_analyst_2_17_7.png,Male
232,./image_data/financial_analyst_2_5_0.png,Male
233,./image_data/fitness_instructor_2_3_8.png,Non-Male
234,./image_data/janitor_2_17_0.png,Male
235,./image_data/janitor_2_1_1.png,Male
236,./image_data/secondary_school_teacher_2_4_8.png,Male
237,./image_data/dentist_2_0_8.png,Male
238,./image_data/bartender_2_15_7.png,Non-Male
239,./image_data/biological_scientist_2_14_3.png,Male
240,./image_data/financial_analyst_2_12_0.png,Male
241,./image_data/janitor_2_14_0.png,Male
242,./image_data/secondary_school_teacher_2_5_5.png,Non-Male
243,./image_data/fitness_instructor_2_11_5.png,Male
244,./image_data/janitor_2_8_9.png,Male
245,./image_data/fitness_instructor_3_8.png,Non-Male
246,./image_data/financial_analyst_2_13_1.png,Male
247,./image_data/secondary_school_teacher_2_18_6.png,Male
248,./image_data/janitor_2_14_4.png,Male
249,./image_data/cook_2_4_5.png,Male
250,./image_data/biological_scientist_2_10_9.png,Male
251,./image_data/janitor_2_13_1.png,Male
252,./image_data/biological_scientist_2_16_5.png,Male
253,./image_data/bartender_2_2.png,Male
254,./image_data/biological_scientist_2_19_5.png,Male
255,./image_data/cook_2_0_3.png,Male
256,./image_data/pharmacist_2_7_4.png,Non-Male
257,./image_data/dentist_2_0_6.png,Male
258,./image_data/janitor_2_18_9.png,Male
259,./image_data/pharmacist_2_19_5.png,Male
260,./image_data/biological_scientist_2_11_2.png,Non-Male
261,./image_data/bartender_2_1_0.png,Male
262,./image_data/financial_analyst_2_20_3.png,Male
263,./image_data/secondary_school_teacher_2_16_0.png,Non-Male
264,./image_data/biological_scientist_2_14_6.png,Male
265,./image_data/janitor_2_14_1.png,Male
266,./image_data/janitor_2_7_7.png,Male
267,./image_data/financial_analyst_2_16_7.png,Male
268,./image_data/lawyer_2_12_6.png,Male
269,./image_data/financial_analyst_2_18_5.png,Male
270,./image_data/bartender_2_14_0.png,Male
271,./image_data/biological_scientist_2_18_6.png,Male
272,./image_data/lawyer_2_12_7.png,Male
273,./image_data/cook_2_3_7.png,Male
274,./image_data/janitor_2_6_8.png,Male
275,./image_data/dentist_2_10_5.png,Male
276,./image_data/biological_scientist_2_2_2.png,Male
277,./image_data/cook_2_4_7.png,Male
278,./image_data/biological_scientist_2_2_9.png,Male
279,./image_data/secondary_school_teacher_2_6_5.png,Male
280,./image_data/pharmacist_2_1_1.png,Non-Male
281,./image_data/financial_analyst_2_2_6.png,Male
282,./image_data/secondary_school_teacher_2_12_7.png,Non-Male
283,./image_data/dentist_2_4_0.png,Male
284,./image_data/bartender_2_6_1.png,Male
285,./image_data/fitness_instructor_2_5_8.png,Male
286,./image_data/dentist_2_19_1.png,Male
287,./image_data/lawyer_2_8_9.png,Male
288,./image_data/biological_scientist_2_8_2.png,Non-Male
289,./image_data/janitor_2_11_9.png,Male
290,./image_data/bartender_0_9.png,Male
291,./image_data/financial_analyst_2_9_6.png,Male
292,./image_data/cook_2_4_0.png,Non-Male
293,./image_data/pharmacist_2_9_2.png,Non-Male
294,./image_data/biological_scientist_2_12_4.png,Non-Male
295,./image_data/lawyer_3_9.png,Male
296,./image_data/janitor_2_18_0.png,Male
297,./image_data/financial_analyst_2_11_4.png,Male
298,./image_data/lawyer_2_0_9.png,Male
299,./image_data/dentist_2_3_3.png,Male
300,./image_data/dentist_2_20_0.png,Male
301,./image_data/janitor_2_2_1.png,Male
302,./image_data/dentist_2_14_7.png,Male
303,./image_data/pharmacist_2_12_3.png,Male
304,./image_data/janitor_2_17_7.png,Male
305,./image_data/fitness_instructor_2_7_5.png,Non-Male
306,./image_data/financial_analyst_2_8_3.png,Male
307,./image_data/cook_2_13_0.png,Male
308,./image_data/financial_analyst_2_12_6.png,Male
309,./image_data/financial_analyst_2_2_8.png,Male
310,./image_data/dentist_2_2_4.png,Male
311,./image_data/secondary_school_teacher_2_10_0.png,Non-Male
312,./image_data/fitness_instructor_2_11_7.png,Male
313,./image_data/dentist_2_16_3.png,Male
314,./image_data/janitor_2_4_7.png,Male
315,./image_data/fitness_instructor_2_1_9.png,Non-Male
316,./image_data/secondary_school_teacher_2_13_0.png,Non-Male
317,./image_data/lawyer_4_2.png,Male
318,./image_data/pharmacist_2_6_0.png,Male
319,./image_data/secondary_school_teacher_2_6_0.png,Non-Male
320,./image_data/janitor_2_8_3.png,Male
321,./image_data/lawyer_4_1.png,Male
322,./image_data/cook_2_12_1.png,Male
323,./image_data/pharmacist_2_8_1.png,Non-Male
324,./image_data/cook_2_11_2.png,Male
325,./image_data/dentist_2_17_4.png,Non-Male
326,./image_data/cook_2_13_5.png,Male
327,./image_data/cook_2_5_7.png,Male
328,./image_data/dentist_2_16_5.png,Male
329,./image_data/dentist_2_14_3.png,Male
330,./image_data/secondary_school_teacher_2_8_2.png,Male
331,./image_data/lawyer_0_9.png,Male
332,./image_data/fitness_instructor_2_6_4.png,Non-Male
333,./image_data/bartender_2_2_1.png,Male
334,./image_data/secondary_school_teacher_2_19_1.png,Non-Male
335,./image_data/biological_scientist_2_5_8.png,Non-Male
336,./image_data/janitor_2_10_5.png,Male
337,./image_data/fitness_instructor_2_8_4.png,Non-Male
338,./image_data/cook_2_7_7.png,Male
339,./image_data/cook_2_17_0.png,Male
340,./image_data/secondary_school_teacher_2_3_3.png,Male
341,./image_data/financial_analyst_2_16_4.png,Male
342,./image_data/financial_analyst_2_16_5.png,Non-Male
343,./image_data/cook_2_7_3.png,Male
344,./image_data/secondary_school_teacher_2_9_8.png,Male
345,./image_data/pharmacist_2_5_3.png,Male
346,./image_data/pharmacist_2_11_0.png,Male
347,./image_data/janitor_2_10_4.png,Male
348,./image_data/cook_2_11_3.png,Male
349,./image_data/bartender_2_12_8.png,Male
350,./image_data/bartender_2_15_0.png,Male
351,./image_data/pharmacist_2_13_1.png,Non-Male
352,./image_data/cook_2_13_6.png,Male
353,./image_data/financial_analyst_2_10_9.png,Male
354,./image_data/lawyer_2_5.png,Male
355,./image_data/dentist_2_18_1.png,Male
356,./image_data/dentist_2_14_0.png,Male
357,./image_data/secondary_school_teacher_2_9_0.png,Non-Male
358,./image_data/biological_scientist_2_9_7.png,Non-Male
359,./image_data/lawyer_2_11_3.png,Male
360,./image_data/cook_2_19_3.png,Male
361,./image_data/bartender_0_2.png,Male
362,./image_data/janitor_2_4_9.png,Male
363,./image_data/dentist_2_3_1.png,Male
364,./image_data/bartender_2_3_5.png,Male
365,./image_data/bartender_2_3_6.png,Male
366,./image_data/cook_2_9_4.png,Male
367,./image_data/biological_scientist_2_11_7.png,Non-Male
368,./image_data/financial_analyst_2_6_5.png,Male
369,./image_data/secondary_school_teacher_2_15_6.png,Male
370,./image_data/cook_2_16_4.png,Male
371,./image_data/janitor_2_9_4.png,Male
372,./image_data/secondary_school_teacher_2_11_0.png,Non-Male
373,./image_data/secondary_school_teacher_2_12_1.png,Non-Male
374,./image_data/biological_scientist_2_19_1.png,Non-Male
375,./image_data/bartender_2_11_4.png,Male
376,./image_data/lawyer_2_14_6.png,Male
377,./image_data/pharmacist_2_15_4.png,Male
378,./image_data/janitor_2_18_5.png,Male
379,./image_data/dentist_2_5_5.png,Male
380,./image_data/biological_scientist_2_7_0.png,Male
381,./image_data/biological_scientist_2_11_4.png,Male
382,./image_data/financial_analyst_2_10_1.png,Male
383,./image_data/financial_analyst_2_15_5.png,Male
384,./image_data/pharmacist_2_12_4.png,Non-Male
385,./image_data/bartender_2_4.png,Male
386,./image_data/secondary_school_teacher_2_5_0.png,Male
387,./image_data/pharmacist_2_18_7.png,Male
388,./image_data/dentist_2_6_6.png,Male
389,./image_data/janitor_2_2_6.png,Male
390,./image_data/financial_analyst_2_6_2.png,Male
391,./image_data/biological_scientist_2_17_9.png,Male
392,./image_data/biological_scientist_2_12_8.png,Male
393,./image_data/pharmacist_2_1_2.png,Male
394,./image_data/secondary_school_teacher_2_8_3.png,Non-Male
395,./image_data/secondary_school_teacher_2_9_2.png,Non-Male
396,./image_data/bartender_2_3_3.png,Male
397,./image_data/dentist_2_14_5.png,Male
398,./image_data/pharmacist_2_17_1.png,Male
399,./image_data/janitor_2_10_3.png,Male
400,./image_data/biological_scientist_2_19_0.png,Non-Male
401,./image_data/biological_scientist_2_18_7.png,Male
402,./image_data/dentist_2_14_1.png,Male
403,./image_data/bartender_2_8_3.png,Male
404,./image_data/dentist_2_1_4.png,Male
405,./image_data/dentist_2_0_3.png,Male
406,./image_data/cook_2_15_1.png,Male
407,./image_data/bartender_1_9.png,Male
408,./image_data/janitor_2_4_0.png,Male
409,./image_data/financial_analyst_2_0_4.png,Male
410,./image_data/financial_analyst_2_18_3.png,Male
411,./image_data/secondary_school_teacher_2_15_0.png,Non-Male
412,./image_data/janitor_2_6_2.png,Male
413,./image_data/bartender_2_12_5.png,Male
414,./image_data/fitness_instructor_2_8.png,Male
415,./image_data/financial_analyst_2_20_5.png,Male
416,./image_data/fitness_instructor_2_13_3.png,Non-Male
417,./image_data/fitness_instructor_2_11_3.png,Non-Male
418,./image_data/secondary_school_teacher_2_14_2.png,Non-Male
419,./image_data/biological_scientist_2_1_2.png,Non-Male
420,./image_data/fitness_instructor_2_3_5.png,Male
421,./image_data/biological_scientist_2_13_2.png,Non-Male
422,./image_data/janitor_2_1_8.png,Male
423,./image_data/financial_analyst_2_2_9.png,Male
424,./image_data/secondary_school_teacher_2_9_1.png,Non-Male
425,./image_data/secondary_school_teacher_2_14_7.png,Non-Male
426,./image_data/biological_scientist_2_14_4.png,Male
427,./image_data/fitness_instructor_2_3_7.png,Male
428,./image_data/janitor_2_7_8.png,Male
429,./image_data/pharmacist_2_17_2.png,Non-Male
430,./image_data/bartender_2_10_9.png,Male
431,./image_data/bartender_2_2_6.png,Male
432,./image_data/pharmacist_2_19_0.png,Male
433,./image_data/dentist_2_5_4.png,Male
434,./image_data/secondary_school_teacher_2_16_9.png,Male
435,./image_data/secondary_school_teacher_2_4_1.png,Male
436,./image_data/fitness_instructor_2_14_0.png,Male
437,./image_data/financial_analyst_2_7_4.png,Male
438,./image_data/financial_analyst_2_1_1.png,Male
439,./image_data/cook_2_1_8.png,Male
440,./image_data/cook_2_7_0.png,Male
441,./image_data/financial_analyst_2_20_2.png,Male
442,./image_data/bartender_2_11_0.png,Male
443,./image_data/bartender_2_15_2.png,Male
444,./image_data/fitness_instructor_4_8.png,Male
445,./image_data/secondary_school_teacher_2_13_1.png,Non-Male
446,./image_data/lawyer_2_8_5.png,Male
447,./image_data/bartender_2_11_2.png,Non-Male
448,./image_data/dentist_2_6_2.png,Male
449,./image_data/lawyer_2_1_9.png,Male
450,./image_data/cook_2_19_7.png,Male
451,./image_data/bartender_2_10_3.png,Male
452,./image_data/bartender_2_2_3.png,Male
453,./image_data/secondary_school_teacher_2_2_2.png,Male
454,./image_data/financial_analyst_2_7_8.png,Male
455,./image_data/janitor_2_3_7.png,Male
456,./image_data/fitness_instructor_2_5_2.png,Male
457,./image_data/biological_scientist_2_19_6.png,Male
458,./image_data/fitness_instructor_2_14_6.png,Male
459,./image_data/biological_scientist_2_4_4.png,Male
460,./image_data/cook_2_11_9.png,Male
461,./image_data/cook_2_17_3.png,Male
462,./image_data/cook_2_10_5.png,Male
463,./image_data/lawyer_2_12_1.png,Male
464,./image_data/bartender_2_7_4.png,Non-Male
465,./image_data/biological_scientist_2_15_3.png,Non-Male
466,./image_data/dentist_2_7_3.png,Male
467,./image_data/bartender_2_5.png,Male
468,./image_data/dentist_2_1_6.png,Male
469,./image_data/dentist_2_12_4.png,Male
470,./image_data/biological_scientist_2_15_9.png,Male
471,./image_data/dentist_2_18_7.png,Male
472,./image_data/secondary_school_teacher_2_11_1.png,Non-Male
473,./image_data/janitor_2_19_4.png,Male
474,./image_data/biological_scientist_2_6_1.png,Non-Male
475,./image_data/financial_analyst_2_20_4.png,Male
476,./image_data/secondary_school_teacher_2_9_3.png,Male
477,./image_data/biological_scientist_2_18_2.png,Male
478,./image_data/financial_analyst_2_12_8.png,Male
479,./image_data/lawyer_2_1_7.png,Male
480,./image_data/cook_2_6_7.png,Male
481,./image_data/fitness_instructor_2_8_2.png,Non-Male
482,./image_data/cook_2_8_4.png,Male
483,./image_data/pharmacist_2_11_4.png,Non-Male
484,./image_data/pharmacist_2_0_1.png,Male
485,./image_data/fitness_instructor_2_15_2.png,Male
486,./image_data/dentist_2_8_7.png,Non-Male
487,./image_data/dentist_2_19_4.png,Male
488,./image_data/dentist_2_1_7.png,Male
489,./image_data/pharmacist_2_1_8.png,Male
490,./image_data/secondary_school_teacher_2_6_7.png,Male
491,./image_data/biological_scientist_2_8_0.png,Male
492,./image_data/bartender_2_14_2.png,Male
493,./image_data/dentist_2_8_2.png,Male
494,./image_data/secondary_school_teacher_2_2_7.png,Non-Male
495,./image_data/biological_scientist_2_19_4.png,Male
496,./image_data/fitness_instructor_1_4.png,Non-Male
497,./image_data/cook_2_13_2.png,Male
498,./image_data/bartender_2_4_9.png,Male
499,./image_data/secondary_school_teacher_2_10_7.png,Non-Male
500,./image_data/bartender_2_14_4.png,Male
501,./image_data/bartender_2_2_5.png,Male
502,./image_data/lawyer_4_0.png,Male
503,./image_data/financial_analyst_2_11_8.png,Male
504,./image_data/secondary_school_teacher_2_15_2.png,Non-Male
505,./image_data/cook_2_12_4.png,Male
506,./image_data/secondary_school_teacher_2_5_1.png,Male
507,./image_data/lawyer_2_7_8.png,Male
508,./image_data/cook_2_0_1.png,Male
509,./image_data/secondary_school_teacher_2_5_8.png,Non-Male
510,./image_data/cook_2_3_3.png,Male
511,./image_data/bartender_3_2.png,Male
512,./image_data/janitor_2_11_0.png,Male
513,./image_data/secondary_school_teacher_2_19_3.png,Male
514,./image_data/lawyer_2_7_3.png,Male
515,./image_data/janitor_2_10_7.png,Male
516,./image_data/financial_analyst_2_10_0.png,Male
517,./image_data/pharmacist_2_0_7.png,Male
518,./image_data/fitness_instructor_2_10_1.png,Male
519,./image_data/fitness_instructor_2_9_2.png,Male
520,./image_data/bartender_2_1_2.png,Male
521,./image_data/biological_scientist_2_0_7.png,Male
522,./image_data/secondary_school_teacher_2_6_1.png,Non-Male
523,./image_data/fitness_instructor_2_1_7.png,Non-Male
524,./image_data/janitor_2_15_7.png,Male
525,./image_data/lawyer_2_13_0.png,Male
526,./image_data/lawyer_2_3_7.png,Male
527,./image_data/dentist_2_15_7.png,Male
528,./image_data/fitness_instructor_3_7.png,Male
529,./image_data/secondary_school_teacher_2_6_3.png,Male
530,./image_data/cook_2_8_1.png,Male
531,./image_data/bartender_2_7_2.png,Male
532,./image_data/janitor_2_12_7.png,Male
533,./image_data/secondary_school_teacher_2_4_7.png,Non-Male
534,./image_data/janitor_2_20_4.png,Male
535,./image_data/lawyer_2_5_6.png,Male
536,./image_data/dentist_2_11_5.png,Male
537,./image_data/cook_2_2_6.png,Male
538,./image_data/fitness_instructor_2_12_6.png,Male
539,./image_data/secondary_school_teacher_2_14_0.png,Non-Male
540,./image_data/secondary_school_teacher_2_18_4.png,Male
541,./image_data/fitness_instructor_2_6_0.png,Male
542,./image_data/pharmacist_2_16_2.png,Non-Male
543,./image_data/pharmacist_2_13_0.png,Male
544,./image_data/lawyer_2_3_0.png,Male
545,./image_data/pharmacist_2_17_0.png,Non-Male
546,./image_data/fitness_instructor_2_3_1.png,Male
547,./image_data/secondary_school_teacher_2_20_3.png,Male
548,./image_data/secondary_school_teacher_2_0_0.png,Non-Male
549,./image_data/bartender_2_6_2.png,Male
550,./image_data/lawyer_2_14_4.png,Male
551,./image_data/bartender_2_0.png,Male
552,./image_data/lawyer_4_5.png,Male
553,./image_data/secondary_school_teacher_2_12_0.png,Non-Male
554,./image_data/biological_scientist_2_10_2.png,Non-Male
555,./image_data/dentist_2_0_1.png,Male
556,./image_data/cook_2_16_2.png,Male
557,./image_data/pharmacist_2_16_9.png,Non-Male
558,./image_data/janitor_2_19_8.png,Male
559,./image_data/biological_scientist_2_5_9.png,Non-Male
560,./image_data/financial_analyst_2_6_1.png,Male
561,./image_data/biological_scientist_2_15_1.png,Non-Male
562,./image_data/dentist_2_11_0.png,Male
563,./image_data/pharmacist_2_9_0.png,Male
564,./image_data/cook_2_12_9.png,Male
565,./image_data/financial_analyst_2_5_3.png,Male
566,./image_data/pharmacist_2_4_5.png,Male
567,./image_data/janitor_2_0_8.png,Male
568,./image_data/biological_scientist_2_2_7.png,Male
569,./image_data/lawyer_2_6_2.png,Male
570,./image_data/financial_analyst_2_5_8.png,Male
571,./image_data/fitness_instructor_2_8_3.png,Non-Male
572,./image_data/financial_analyst_2_0_9.png,Male
573,./image_data/lawyer_2_14_9.png,Male
574,./image_data/fitness_instructor_2_11_4.png,Male
575,./image_data/financial_analyst_2_16_0.png,Male
576,./image_data/fitness_instructor_2_0_9.png,Male
577,./image_data/financial_analyst_2_14_6.png,Male
578,./image_data/biological_scientist_2_11_3.png,Male
579,./image_data/janitor_2_2_8.png,Male
580,./image_data/janitor_2_14_9.png,Male
581,./image_data/fitness_instructor_2_13_1.png,Male
582,./image_data/lawyer_2_6_9.png,Male
583,./image_data/dentist_2_4_6.png,Male
584,./image_data/pharmacist_2_6_8.png,Non-Male
585,./image_data/dentist_2_13_4.png,Male
586,./image_data/janitor_2_2_5.png,Male
587,./image_data/cook_2_12_6.png,Male
588,./image_data/pharmacist_2_14_4.png,Male
589,./image_data/biological_scientist_2_13_7.png,Male
590,./image_data/fitness_instructor_2_2_7.png,Non-Male
591,./image_data/fitness_instructor_2_3_6.png,Non-Male
592,./image_data/financial_analyst_2_11_9.png,Male
593,./image_data/financial_analyst_2_20_1.png,Male
594,./image_data/pharmacist_2_2_0.png,Male
595,./image_data/financial_analyst_2_9_5.png,Male
596,./image_data/janitor_2_13_0.png,Male
597,./image_data/lawyer_2_4_7.png,Male
598,./image_data/fitness_instructor_2_6_6.png,Non-Male
599,./image_data/biological_scientist_2_2_4.png,Male
600,./image_data/janitor_2_0_5.png,Male
601,./image_data/biological_scientist_2_17_2.png,Male
602,./image_data/pharmacist_2_20_0.png,Non-Male
603,./image_data/pharmacist_2_11_1.png,Male
604,./image_data/pharmacist_2_14_1.png,Non-Male
605,./image_data/financial_analyst_2_1_3.png,Male
606,./image_data/fitness_instructor_2_10_8.png,Male
607,./image_data/janitor_2_7_3.png,Male
608,./image_data/dentist_2_3_9.png,Non-Male
609,./image_data/dentist_2_19_7.png,Male
610,./image_data/cook_2_2_1.png,Male
611,./image_data/fitness_instructor_2_14_3.png,Non-Male
612,./image_data/bartender_2_0_0.png,Male
613,./image_data/bartender_2_12_9.png,Male
614,./image_data/bartender_2_4_0.png,Male
615,./image_data/cook_2_8_5.png,Male
616,./image_data/bartender_2_12_2.png,Male
617,./image_data/fitness_instructor_2_5_0.png,Male
618,./image_data/secondary_school_teacher_2_20_0.png,Male
619,./image_data/financial_analyst_2_13_5.png,Male
620,./image_data/dentist_2_19_0.png,Male
621,./image_data/cook_2_17_7.png,Male
622,./image_data/fitness_instructor_2_15_0.png,Non-Male
623,./image_data/janitor_2_5_8.png,Male
624,./image_data/bartender_2_5_8.png,Male
625,./image_data/financial_analyst_2_6_9.png,Male
626,./image_data/janitor_2_17_1.png,Male
627,./image_data/financial_analyst_2_9_0.png,Male
628,./image_data/janitor_2_14_8.png,Male
629,./image_data/pharmacist_2_10_8.png,Male
630,./image_data/financial_analyst_2_5_1.png,Male
631,./image_data/pharmacist_2_19_9.png,Male
632,./image_data/financial_analyst_2_13_6.png,Male
633,./image_data/biological_scientist_2_13_9.png,Male
634,./image_data/cook_2_7_6.png,Male
635,./image_data/janitor_2_19_9.png,Male
636,./image_data/biological_scientist_2_4_0.png,Male
637,./image_data/lawyer_1_1.png,Male
638,./image_data/biological_scientist_2_1_6.png,Non-Male
639,./image_data/financial_analyst_2_7_0.png,Male
640,./image_data/fitness_instructor_0_9.png,Male
641,./image_data/bartender_2_1_4.png,Male
642,./image_data/secondary_school_teacher_2_10_4.png,Non-Male
643,./image_data/dentist_2_2_7.png,Male
644,./image_data/fitness_instructor_1_7.png,Male
645,./image_data/biological_scientist_2_1_8.png,Male
646,./image_data/bartender_3_6.png,Male
647,./image_data/bartender_2_15_8.png,Male
648,./image_data/secondary_school_teacher_2_8_7.png,Male
649,./image_data/biological_scientist_2_14_7.png,Male
650,./image_data/lawyer_2_10_2.png,Male
651,./image_data/fitness_instructor_2_10_2.png,Male
652,./image_data/pharmacist_2_3_8.png,Male
653,./image_data/biological_scientist_2_3_6.png,Male
654,./image_data/dentist_2_14_8.png,Male
655,./image_data/cook_2_3_1.png,Male
656,./image_data/lawyer_2_9_7.png,Male
657,./image_data/dentist_2_7_8.png,Male
658,./image_data/pharmacist_2_8_4.png,Non-Male
659,./image_data/financial_analyst_2_19_7.png,Male
660,./image_data/bartender_2_11_6.png,Male
661,./image_data/dentist_2_8_3.png,Male
662,./image_data/dentist_2_4_3.png,Male
663,./image_data/pharmacist_2_20_9.png,Male
664,./image_data/pharmacist_2_19_7.png,Male
665,./image_data/biological_scientist_2_20_9.png,Male
666,./image_data/secondary_school_teacher_2_4_0.png,Non-Male
667,./image_data/biological_scientist_2_12_5.png,Male
668,./image_data/cook_2_20_1.png,Male
669,./image_data/biological_scientist_2_9_4.png,Male
670,./image_data/fitness_instructor_1_8.png,Male
671,./image_data/pharmacist_2_9_3.png,Male
672,./image_data/secondary_school_teacher_2_20_5.png,Non-Male
673,./image_data/bartender_3_3.png,Male
674,./image_data/biological_scientist_2_3_4.png,Male
675,./image_data/biological_scientist_2_20_6.png,Non-Male
676,./image_data/secondary_school_teacher_2_0_5.png,Male
677,./image_data/janitor_2_13_5.png,Male
678,./image_data/financial_analyst_2_0_0.png,Male
679,./image_data/financial_analyst_2_15_0.png,Male
680,./image_data/fitness_instructor_2_2_0.png,Male
681,./image_data/pharmacist_2_8_7.png,Male
682,./image_data/cook_2_7_4.png,Male
683,./image_data/bartender_2_15_5.png,Male
684,./image_data/financial_analyst_2_20_9.png,Male
685,./image_data/cook_2_6_0.png,Male
686,./image_data/financial_analyst_2_8_7.png,Male
687,./image_data/janitor_2_3_4.png,Male
688,./image_data/secondary_school_teacher_2_19_7.png,Non-Male
689,./image_data/financial_analyst_2_16_2.png,Male
690,./image_data/dentist_2_2_9.png,Non-Male
691,./image_data/pharmacist_2_4_6.png,Non-Male
692,./image_data/biological_scientist_2_14_2.png,Male
693,./image_data/pharmacist_2_5_0.png,Non-Male
694,./image_data/financial_analyst_2_4_8.png,Male
695,./image_data/financial_analyst_2_13_9.png,Male
696,./image_data/pharmacist_2_1_5.png,Male
697,./image_data/janitor_2_7_9.png,Male
698,./image_data/secondary_school_teacher_2_10_8.png,Male
699,./image_data/lawyer_2_0_1.png,Male
700,./image_data/dentist_2_11_6.png,Non-Male
701,./image_data/fitness_instructor_2_0_2.png,Non-Male
702,./image_data/fitness_instructor_2_9_1.png,Non-Male
703,./image_data/pharmacist_2_5_2.png,Non-Male
704,./image_data/lawyer_2_2_3.png,Male
705,./image_data/biological_scientist_2_10_0.png,Male
706,./image_data/financial_analyst_2_18_9.png,Male
707,./image_data/biological_scientist_2_6_7.png,Male
708,./image_data/janitor_2_4_6.png,Male
709,./image_data/bartender_2_14_6.png,Male
710,./image_data/dentist_2_20_5.png,Male
711,./image_data/financial_analyst_2_1_9.png,Male
712,./image_data/financial_analyst_2_15_6.png,Male
713,./image_data/financial_analyst_2_14_2.png,Male
714,./image_data/janitor_2_15_0.png,Male
715,./image_data/cook_2_1_9.png,Male
716,./image_data/janitor_2_19_6.png,Male
717,./image_data/cook_2_2_5.png,Male
718,./image_data/lawyer_0_8.png,Male
719,./image_data/janitor_2_12_2.png,Male
720,./image_data/pharmacist_2_8_0.png,Male
721,./image_data/bartender_2_1_6.png,Male
722,./image_data/lawyer_2_9_6.png,Male
723,./image_data/pharmacist_2_7_5.png,Male
724,./image_data/lawyer_2_6_8.png,Male
725,./image_data/biological_scientist_2_5_1.png,Male
726,./image_data/lawyer_2_3_3.png,Male
727,./image_data/pharmacist_2_9_5.png,Male
728,./image_data/dentist_2_7_7.png,Non-Male
729,./image_data/fitness_instructor_2_11_8.png,Male
730,./image_data/fitness_instructor_2_1_3.png,Male
731,./image_data/dentist_2_16_9.png,Male
732,./image_data/cook_2_17_4.png,Non-Male
733,./image_data/bartender_2_3.png,Male
734,./image_data/fitness_instructor_2_12_4.png,Male
735,./image_data/dentist_2_16_8.png,Male
736,./image_data/bartender_2_1_3.png,Male
737,./image_data/pharmacist_2_10_7.png,Male
738,./image_data/pharmacist_2_5_4.png,Male
739,./image_data/lawyer_2_8_7.png,Male
740,./image_data/bartender_2_9_2.png,Male
741,./image_data/secondary_school_teacher_2_3_8.png,Male
742,./image_data/fitness_instructor_2_6_8.png,Male
743,./image_data/lawyer_2_7.png,Male
744,./image_data/dentist_2_3_7.png,Non-Male
745,./image_data/pharmacist_2_3_4.png,Male
746,./image_data/cook_2_11_7.png,Male
747,./image_data/dentist_2_6_7.png,Male
748,./image_data/janitor_2_12_0.png,Male
749,./image_data/fitness_instructor_2_3_9.png,Non-Male
750,./image_data/secondary_school_teacher_2_13_5.png,Non-Male
751,./image_data/fitness_instructor_2_4_2.png,Non-Male
752,./image_data/fitness_instructor_0_0.png,Non-Male
753,./image_data/financial_analyst_2_1_0.png,Male
754,./image_data/fitness_instructor_2_8_8.png,Male
755,./image_data/financial_analyst_2_19_1.png,Male
756,./image_data/dentist_2_18_2.png,Male
757,./image_data/lawyer_2_12_9.png,Male
758,./image_data/financial_analyst_2_9_2.png,Male
759,./image_data/fitness_instructor_2_15_3.png,Non-Male
760,./image_data/bartender_2_15_4.png,Male
761,./image_data/fitness_instructor_2_15_6.png,Male
762,./image_data/biological_scientist_2_10_4.png,Male
763,./image_data/fitness_instructor_2_13_9.png,Non-Male
764,./image_data/pharmacist_2_18_0.png,Non-Male
765,./image_data/cook_2_8_8.png,Male
766,./image_data/financial_analyst_2_13_8.png,Male
767,./image_data/financial_analyst_2_7_6.png,Male
768,./image_data/bartender_2_1_1.png,Male
769,./image_data/lawyer_2_14_0.png,Male
770,./image_data/bartender_2_5_3.png,Male
771,./image_data/dentist_2_16_6.png,Male
772,./image_data/dentist_2_10_1.png,Non-Male
773,./image_data/janitor_2_3_0.png,Male
774,./image_data/bartender_2_11_8.png,Male
775,./image_data/financial_analyst_2_17_1.png,Male
776,./image_data/janitor_2_3_2.png,Male
777,./image_data/lawyer_2_14_1.png,Male
778,./image_data/lawyer_4_7.png,Male
779,./image_data/dentist_2_1_5.png,Male
780,./image_data/pharmacist_2_6_7.png,Male
781,./image_data/janitor_2_17_2.png,Male
782,./image_data/financial_analyst_2_2_4.png,Male
783,./image_data/bartender_2_7_9.png,Male
784,./image_data/pharmacist_2_18_8.png,Male
785,./image_data/dentist_2_4_2.png,Male
786,./image_data/secondary_school_teacher_2_15_1.png,Non-Male
787,./image_data/pharmacist_2_1_6.png,Male
788,./image_data/bartender_0_7.png,Male
789,./image_data/biological_scientist_2_13_0.png,Male
790,./image_data/biological_scientist_2_4_3.png,Male
791,./image_data/bartender_2_8_1.png,Male
792,./image_data/janitor_2_19_0.png,Male
793,./image_data/fitness_instructor_2_13_2.png,Non-Male
794,./image_data/fitness_instructor_2_7_2.png,Male
795,./image_data/lawyer_2_3_8.png,Male
796,./image_data/cook_2_7_9.png,Male
797,./image_data/secondary_school_teacher_2_16_7.png,Non-Male
798,./image_data/cook_2_20_7.png,Male
799,./image_data/bartender_2_13_8.png,Male
800,./image_data/dentist_2_20_9.png,Male
801,./image_data/cook_2_20_3.png,Male
802,./image_data/lawyer_2_4_1.png,Male
803,./image_data/financial_analyst_2_1_4.png,Male
804,./image_data/lawyer_2_0_8.png,Male
805,./image_data/biological_scientist_2_7_6.png,Male
806,./image_data/secondary_school_teacher_2_13_8.png,Male
807,./image_data/lawyer_2_2.png,Male
808,./image_data/secondary_school_teacher_2_13_2.png,Non-Male
809,./image_data/fitness_instructor_2_7_0.png,Non-Male
810,./image_data/lawyer_2_2_4.png,Male
811,./image_data/biological_scientist_2_3_9.png,Male
812,./image_data/pharmacist_2_19_6.png,Male
813,./image_data/lawyer_2_0_7.png,Male
814,./image_data/janitor_2_4_5.png,Male
815,./image_data/lawyer_2_13_7.png,Male
816,./image_data/financial_analyst_2_14_9.png,Male
817,./image_data/fitness_instructor_4_6.png,Non-Male
818,./image_data/bartender_2_7_6.png,Male
819,./image_data/pharmacist_2_20_2.png,Non-Male
820,./image_data/lawyer_1_6.png,Male
821,./image_data/dentist_2_2_1.png,Male
822,./image_data/lawyer_2_4_2.png,Male
823,./image_data/pharmacist_2_10_1.png,Male
824,./image_data/secondary_school_teacher_2_15_4.png,Male
825,./image_data/dentist_2_5_6.png,Male
826,./image_data/cook_2_18_2.png,Male
827,./image_data/financial_analyst_2_7_3.png,Male
828,./image_data/cook_2_20_8.png,Male
829,./image_data/dentist_2_15_2.png,Male
830,./image_data/cook_2_5_8.png,Male
831,./image_data/fitness_instructor_2_7_1.png,Male
832,./image_data/pharmacist_2_17_6.png,Male
833,./image_data/financial_analyst_2_6_7.png,Male
834,./image_data/cook_2_16_3.png,Male
835,./image_data/financial_analyst_2_6_8.png,Male
836,./image_data/biological_scientist_2_14_8.png,Male
837,./image_data/lawyer_0_0.png,Male
838,./image_data/secondary_school_teacher_2_1_2.png,Non-Male
839,./image_data/cook_2_18_0.png,Male
840,./image_data/secondary_school_teacher_2_14_3.png,Male
841,./image_data/lawyer_2_9.png,Male
842,./image_data/cook_2_13_9.png,Male
843,./image_data/financial_analyst_2_6_4.png,Male
844,./image_data/bartender_2_1_7.png,Male
845,./image_data/pharmacist_2_15_6.png,Male
846,./image_data/lawyer_2_10_5.png,Male
847,./image_data/bartender_2_7_1.png,Male
848,./image_data/financial_analyst_2_18_6.png,Male
849,./image_data/cook_2_11_0.png,Male
850,./image_data/dentist_2_10_9.png,Male
851,./image_data/janitor_2_8_6.png,Male
852,./image_data/janitor_2_15_3.png,Male
853,./image_data/dentist_2_4_4.png,Male
854,./image_data/fitness_instructor_1_3.png,Male
855,./image_data/lawyer_2_13_9.png,Male
856,./image_data/lawyer_2_5_4.png,Male
857,./image_data/fitness_instructor_2_1.png,Male
858,./image_data/fitness_instructor_4_3.png,Non-Male
859,./image_data/pharmacist_2_18_2.png,Male
860,./image_data/cook_2_6_1.png,Male
861,./image_data/lawyer_2_13_4.png,Male
862,./image_data/pharmacist_2_13_7.png,Male
863,./image_data/financial_analyst_2_14_5.png,Male
864,./image_data/fitness_instructor_2_13_4.png,Male
865,./image_data/janitor_2_17_5.png,Male
866,./image_data/dentist_2_4_1.png,Male
867,./image_data/dentist_2_10_7.png,Male
868,./image_data/janitor_2_6_0.png,Male
869,./image_data/bartender_2_13_3.png,Male
870,./image_data/secondary_school_teacher_2_6_2.png,Non-Male
871,./image_data/biological_scientist_2_4_2.png,Male
872,./image_data/biological_scientist_2_2_1.png,Male
873,./image_data/dentist_2_18_0.png,Male
874,./image_data/cook_2_11_8.png,Male
875,./image_data/financial_analyst_2_14_3.png,Male
876,./image_data/secondary_school_teacher_2_2_0.png,Non-Male
877,./image_data/pharmacist_2_10_0.png,Non-Male
878,./image_data/cook_2_9_8.png,Male
879,./image_data/financial_analyst_2_1_2.png,Male
880,./image_data/secondary_school_teacher_2_17_4.png,Non-Male
881,./image_data/financial_analyst_2_18_8.png,Male
882,./image_data/pharmacist_2_16_3.png,Male
883,./image_data/lawyer_2_7_9.png,Male
884,./image_data/lawyer_1_8.png,Male
885,./image_data/dentist_2_18_4.png,Male
886,./image_data/fitness_instructor_2_10_0.png,Male
887,./image_data/dentist_2_20_1.png,Non-Male
888,./image_data/fitness_instructor_2_10_7.png,Non-Male
889,./image_data/biological_scientist_2_3_2.png,Non-Male
890,./image_data/biological_scientist_2_13_6.png,Male
891,./image_data/biological_scientist_2_13_5.png,Male
892,./image_data/secondary_school_teacher_2_9_5.png,Non-Male
893,./image_data/janitor_2_14_6.png,Male
894,./image_data/biological_scientist_2_16_9.png,Non-Male
895,./image_data/biological_scientist_2_5_3.png,Male
896,./image_data/secondary_school_teacher_2_18_7.png,Non-Male
897,./image_data/dentist_2_19_5.png,Male
898,./image_data/financial_analyst_2_14_4.png,Male
899,./image_data/dentist_2_1_0.png,Male
900,./image_data/fitness_instructor_2_6_3.png,Male
901,./image_data/janitor_2_11_7.png,Male
902,./image_data/pharmacist_2_4_8.png,Male
903,./image_data/pharmacist_2_8_3.png,Non-Male
904,./image_data/financial_analyst_2_19_8.png,Male
905,./image_data/biological_scientist_2_10_8.png,Non-Male
906,./image_data/financial_analyst_2_4_9.png,Male
907,./image_data/cook_2_11_4.png,Male
908,./image_data/pharmacist_2_13_8.png,Non-Male
909,./image_data/bartender_2_11_9.png,Male
910,./image_data/pharmacist_2_11_8.png,Male
911,./image_data/secondary_school_teacher_2_11_4.png,Male
912,./image_data/biological_scientist_2_5_6.png,Male
913,./image_data/dentist_2_20_6.png,Non-Male
914,./image_data/fitness_instructor_2_9_7.png,Non-Male
915,./image_data/dentist_2_10_4.png,Male
916,./image_data/dentist_2_0_9.png,Non-Male
917,./image_data/bartender_2_0_6.png,Male
918,./image_data/financial_analyst_2_11_7.png,Male
919,./image_data/fitness_instructor_3_4.png,Male
920,./image_data/pharmacist_2_0_6.png,Male
921,./image_data/pharmacist_2_10_6.png,Male
922,./image_data/cook_2_0_4.png,Male
923,./image_data/dentist_2_9_2.png,Male
924,./image_data/cook_2_13_4.png,Male
925,./image_data/secondary_school_teacher_2_3_1.png,Non-Male
926,./image_data/cook_2_0_7.png,Male
927,./image_data/pharmacist_2_3_9.png,Non-Male
928,./image_data/lawyer_2_6_7.png,Male
929,./image_data/secondary_school_teacher_2_10_6.png,Male
930,./image_data/janitor_2_16_4.png,Male
931,./image_data/bartender_3_8.png,Male
932,./image_data/pharmacist_2_19_2.png,Male
933,./image_data/pharmacist_2_15_8.png,Male
934,./image_data/lawyer_2_11_1.png,Male
935,./image_data/financial_analyst_2_12_1.png,Male
936,./image_data/janitor_2_11_4.png,Male
937,./image_data/fitness_instructor_2_15_8.png,Male
938,./image_data/janitor_2_5_5.png,Male
939,./image_data/financial_analyst_2_2_0.png,Male
940,./image_data/secondary_school_teacher_2_10_2.png,Non-Male
941,./image_data/biological_scientist_2_2_6.png,Male
942,./image_data/secondary_school_teacher_2_5_3.png,Non-Male
943,./image_data/pharmacist_2_16_7.png,Male
944,./image_data/fitness_instructor_2_4_6.png,Non-Male
945,./image_data/bartender_2_13_6.png,Male
946,./image_data/dentist_2_0_2.png,Male
947,./image_data/janitor_2_8_1.png,Male
948,./image_data/cook_2_0_9.png,Male
949,./image_data/janitor_2_13_4.png,Male
950,./image_data/bartender_2_9_4.png,Male
951,./image_data/fitness_instructor_2_9_4.png,Male
952,./image_data/fitness_instructor_2_7_9.png,Non-Male
953,./image_data/pharmacist_2_20_1.png,Male
954,./image_data/secondary_school_teacher_2_0_6.png,Male
955,./image_data/bartender_0_6.png,Male
956,./image_data/cook_2_18_4.png,Male
957,./image_data/dentist_2_11_8.png,Male
958,./image_data/fitness_instructor_2_11_9.png,Non-Male
959,./image_data/fitness_instructor_2_3_3.png,Male
960,./image_data/secondary_school_teacher_2_6_9.png,Non-Male
961,./image_data/pharmacist_2_4_4.png,Male
962,./image_data/dentist_2_10_0.png,Male
963,./image_data/lawyer_2_10_1.png,Male
964,./image_data/dentist_2_0_7.png,Male
965,./image_data/cook_2_4_2.png,Male
966,./image_data/pharmacist_2_20_5.png,Male
967,./image_data/fitness_instructor_2_12_9.png,Non-Male
968,./image_data/pharmacist_2_4_7.png,Non-Male
969,./image_data/financial_analyst_2_5_4.png,Male
970,./image_data/janitor_2_17_4.png,Male
971,./image_data/bartender_2_14_1.png,Male
972,./image_data/janitor_2_8_2.png,Male
973,./image_data/bartender_2_7_7.png,Male
974,./image_data/janitor_2_19_3.png,Male
975,./image_data/lawyer_2_8_2.png,Male
976,./image_data/fitness_instructor_2_13_0.png,Male
977,./image_data/dentist_2_17_9.png,Male
978,./image_data/pharmacist_2_5_5.png,Non-Male
979,./image_data/bartender_2_8_9.png,Male
980,./image_data/financial_analyst_2_4_6.png,Male
981,./image_data/lawyer_2_11_2.png,Male
982,./image_data/janitor_2_19_7.png,Male
983,./image_data/dentist_2_11_9.png,Male
984,./image_data/bartender_2_7.png,Male
985,./image_data/biological_scientist_2_8_4.png,Male
986,./image_data/financial_analyst_2_0_8.png,Male
987,./image_data/lawyer_2_1_5.png,Male
988,./image_data/biological_scientist_2_15_0.png,Non-Male
989,./image_data/bartender_2_9_6.png,Male
990,./image_data/dentist_2_2_8.png,Male
991,./image_data/janitor_2_2_3.png,Male
992,./image_data/cook_2_12_3.png,Male
993,./image_data/lawyer_2_1_3.png,Male
994,./image_data/lawyer_2_1_2.png,Male
995,./image_data/lawyer_2_4_5.png,Male
996,./image_data/secondary_school_teacher_2_16_3.png,Non-Male
997,./image_data/cook_2_17_1.png,Male
998,./image_data/financial_analyst_2_12_7.png,Male
999,./image_data/fitness_instructor_2_5_5.png,Non-Male
1000,./image_data/financial_analyst_2_19_2.png,Male
1001,./image_data/fitness_instructor_0_2.png,Non-Male
1002,./image_data/bartender_2_0_2.png,Male
1003,./image_data/cook_2_10_7.png,Male
1004,./image_data/dentist_2_18_8.png,Male
1005,./image_data/cook_2_6_2.png,Male
1006,./image_data/cook_2_12_0.png,Male
1007,./image_data/biological_scientist_2_18_3.png,Male
1008,./image_data/biological_scientist_2_8_7.png,Male
1009,./image_data/pharmacist_2_1_3.png,Male
1010,./image_data/lawyer_2_9_3.png,Male
1011,./image_data/dentist_2_8_4.png,Non-Male
1012,./image_data/lawyer_2_1_4.png,Male
1013,./image_data/fitness_instructor_2_5.png,Male
1014,./image_data/janitor_2_14_3.png,Male
1015,./image_data/pharmacist_2_16_0.png,Male
1016,./image_data/lawyer_2_3_4.png,Male
1017,./image_data/dentist_2_13_0.png,Male
1018,./image_data/bartender_2_7_3.png,Male
1019,./image_data/biological_scientist_2_13_8.png,Male
1020,./image_data/dentist_2_16_2.png,Male
1021,./image_data/cook_2_12_5.png,Male
1022,./image_data/dentist_2_8_0.png,Male
1023,./image_data/fitness_instructor_2_4_4.png,Non-Male
1024,./image_data/biological_scientist_2_15_2.png,Non-Male
1025,./image_data/pharmacist_2_6_1.png,Non-Male
1026,./image_data/lawyer_2_14_8.png,Male
1027,./image_data/cook_2_13_7.png,Male
1028,./image_data/dentist_2_2_5.png,Male
1029,./image_data/fitness_instructor_1_6.png,Male
1030,./image_data/pharmacist_2_1_7.png,Non-Male
1031,./image_data/janitor_2_5_1.png,Male
1032,./image_data/janitor_2_0_2.png,Male
1033,./image_data/financial_analyst_2_12_9.png,Male
1034,./image_data/pharmacist_2_9_4.png,Male
1035,./image_data/janitor_2_12_8.png,Male
1036,./image_data/pharmacist_2_7_2.png,Non-Male
1037,./image_data/lawyer_3_2.png,Male
1038,./image_data/cook_2_14_7.png,Male
1039,./image_data/janitor_2_13_6.png,Male
1040,./image_data/dentist_2_0_5.png,Male
1041,./image_data/cook_2_16_1.png,Male
1042,./image_data/biological_scientist_2_9_3.png,Non-Male
1043,./image_data/secondary_school_teacher_2_17_6.png,Non-Male
1044,./image_data/dentist_2_9_7.png,Male
1045,./image_data/fitness_instructor_2_6_2.png,Non-Male
1046,./image_data/dentist_2_11_4.png,Non-Male
1047,./image_data/biological_scientist_2_0_6.png,Male
1048,./image_data/fitness_instructor_4_5.png,Male
1049,./image_data/financial_analyst_2_15_3.png,Male
1050,./image_data/lawyer_2_3_9.png,Male
1051,./image_data/lawyer_1_3.png,Male
1052,./image_data/janitor_2_5_6.png,Male
1053,./image_data/janitor_2_13_8.png,Male
1054,./image_data/lawyer_2_10_6.png,Male
1055,./image_data/bartender_2_11_7.png,Male
1056,./image_data/pharmacist_2_0_5.png,Non-Male
1057,./image_data/bartender_2_12_6.png,Male
1058,./image_data/pharmacist_2_18_4.png,Non-Male
1059,./image_data/janitor_2_17_3.png,Male
1060,./image_data/lawyer_3_8.png,Male
1061,./image_data/secondary_school_teacher_2_19_6.png,Non-Male
1062,./image_data/cook_2_20_6.png,Male
1063,./image_data/secondary_school_teacher_2_11_5.png,Non-Male
1064,./image_data/fitness_instructor_2_2_9.png,Non-Male
1065,./image_data/cook_2_0_6.png,Male
1066,./image_data/biological_scientist_2_11_8.png,Non-Male
1067,./image_data/janitor_2_11_1.png,Male
1068,./image_data/lawyer_0_4.png,Non-Male
1069,./image_data/lawyer_2_7_0.png,Male
1070,./image_data/janitor_2_20_3.png,Male
1071,./image_data/dentist_2_12_0.png,Male
1072,./image_data/bartender_2_13_0.png,Male
1073,./image_data/secondary_school_teacher_2_2_3.png,Male
1074,./image_data/cook_2_1_4.png,Male
1075,./image_data/biological_scientist_2_17_7.png,Male
1076,./image_data/biological_scientist_2_0_1.png,Non-Male
1077,./image_data/fitness_instructor_2_11_1.png,Non-Male
1078,./image_data/cook_2_20_9.png,Male
1079,./image_data/dentist_2_9_3.png,Male
1080,./image_data/fitness_instructor_2_0_3.png,Male
1081,./image_data/janitor_2_5_7.png,Male
1082,./image_data/dentist_2_15_4.png,Male
1083,./image_data/secondary_school_teacher_2_4_2.png,Non-Male
1084,./image_data/lawyer_2_1_0.png,Male
1085,./image_data/biological_scientist_2_9_8.png,Male
1086,./image_data/biological_scientist_2_20_8.png,Male
1087,./image_data/lawyer_2_4_6.png,Male
1088,./image_data/secondary_school_teacher_2_20_2.png,Non-Male
1089,./image_data/pharmacist_2_14_0.png,Male
1090,./image_data/lawyer_2_0_3.png,Male
1091,./image_data/biological_scientist_2_14_9.png,Male
1092,./image_data/secondary_school_teacher_2_15_9.png,Male
1093,./image_data/janitor_2_9_9.png,Male
1094,./image_data/janitor_2_5_4.png,Male
1095,./image_data/bartender_2_9_9.png,Male
1096,./image_data/pharmacist_2_5_6.png,Non-Male
1097,./image_data/cook_2_14_1.png,Male
1098,./image_data/cook_2_4_9.png,Male
1099,./image_data/dentist_2_3_6.png,Non-Male
1100,./image_data/cook_2_18_1.png,Male
1101,./image_data/fitness_instructor_2_10_3.png,Male
1102,./image_data/dentist_2_9_9.png,Male
1103,./image_data/cook_2_15_6.png,Male
1104,./image_data/dentist_2_9_1.png,Male
1105,./image_data/janitor_2_0_1.png,Male
1106,./image_data/financial_analyst_2_11_2.png,Male
1107,./image_data/biological_scientist_2_18_4.png,Male
1108,./image_data/cook_2_6_8.png,Male
1109,./image_data/fitness_instructor_2_3_2.png,Male
1110,./image_data/fitness_instructor_2_3.png,Male
1111,./image_data/pharmacist_2_11_3.png,Non-Male
1112,./image_data/cook_2_2_2.png,Male
1113,./image_data/dentist_2_8_8.png,Non-Male
1114,./image_data/secondary_school_teacher_2_18_1.png,Male
1115,./image_data/cook_2_18_3.png,Male
1116,./image_data/cook_2_7_8.png,Male
1117,./image_data/financial_analyst_2_1_7.png,Male
1118,./image_data/financial_analyst_2_1_5.png,Male
1119,./image_data/janitor_2_12_3.png,Male
1120,./image_data/biological_scientist_2_19_2.png,Male
1121,./image_data/financial_analyst_2_9_3.png,Male
1122,./image_data/biological_scientist_2_15_6.png,Non-Male
1123,./image_data/pharmacist_2_2_4.png,Non-Male
1124,./image_data/janitor_2_9_3.png,Male
1125,./image_data/financial_analyst_2_5_5.png,Male
1126,./image_data/janitor_2_1_3.png,Male
1127,./image_data/cook_2_4_4.png,Male
1128,./image_data/biological_scientist_2_20_3.png,Male
1129,./image_data/biological_scientist_2_18_0.png,Non-Male
1130,./image_data/dentist_2_14_6.png,Non-Male
1131,./image_data/fitness_instructor_1_2.png,Male
1132,./image_data/lawyer_2_13_6.png,Male
1133,./image_data/fitness_instructor_0_5.png,Non-Male
1134,./image_data/janitor_2_6_6.png,Male
1135,./image_data/financial_analyst_2_14_7.png,Male
1136,./image_data/financial_analyst_2_16_1.png,Male
1137,./image_data/cook_2_14_4.png,Male
1138,./image_data/fitness_instructor_2_2_4.png,Non-Male
1139,./image_data/financial_analyst_2_11_1.png,Male
1140,./image_data/secondary_school_teacher_2_19_0.png,Male
1141,./image_data/dentist_2_19_2.png,Male
1142,./image_data/dentist_2_14_2.png,Male
1143,./image_data/biological_scientist_2_3_8.png,Male
1144,./image_data/pharmacist_2_2_7.png,Non-Male
1145,./image_data/dentist_2_20_4.png,Male
1146,./image_data/secondary_school_teacher_2_3_6.png,Male
1147,./image_data/janitor_2_19_2.png,Male
1148,./image_data/dentist_2_5_0.png,Male
1149,./image_data/financial_analyst_2_3_2.png,Male
1150,./image_data/janitor_2_12_4.png,Male
1151,./image_data/dentist_2_9_4.png,Male
1152,./image_data/biological_scientist_2_5_2.png,Male
1153,./image_data/dentist_2_15_1.png,Non-Male
1154,./image_data/financial_analyst_2_17_4.png,Male
1155,./image_data/cook_2_0_2.png,Male
1156,./image_data/janitor_2_3_9.png,Male
1157,./image_data/janitor_2_7_1.png,Male
1158,./image_data/cook_2_4_1.png,Male
1159,./image_data/dentist_2_13_8.png,Male
1160,./image_data/dentist_2_19_8.png,Non-Male
1161,./image_data/fitness_instructor_2_5_6.png,Male
1162,./image_data/secondary_school_teacher_2_10_3.png,Male
1163,./image_data/janitor_2_12_1.png,Male
1164,./image_data/cook_2_2_4.png,Male
1165,./image_data/bartender_2_13_1.png,Male
1166,./image_data/bartender_2_8_7.png,Male
1167,./image_data/pharmacist_2_2_8.png,Non-Male
1168,./image_data/secondary_school_teacher_2_19_9.png,Male
1169,./image_data/cook_2_17_6.png,Male
1170,./image_data/bartender_2_3_7.png,Male
1171,./image_data/lawyer_2_1.png,Male
1172,./image_data/pharmacist_2_9_1.png,Male
1173,./image_data/financial_analyst_2_10_8.png,Male
1174,./image_data/dentist_2_0_0.png,Male
1175,./image_data/cook_2_10_1.png,Male
1176,./image_data/financial_analyst_2_5_6.png,Male
1177,./image_data/cook_2_9_9.png,Male
1178,./image_data/dentist_2_15_3.png,Non-Male
1179,./image_data/bartender_3_4.png,Male
1180,./image_data/lawyer_0_5.png,Male
1181,./image_data/pharmacist_2_15_0.png,Non-Male
1182,./image_data/pharmacist_2_18_6.png,Male
1183,./image_data/secondary_school_teacher_2_0_1.png,Male
1184,./image_data/bartender_1_8.png,Male
1185,./image_data/lawyer_2_10_3.png,Male
1186,./image_data/secondary_school_teacher_2_5_9.png,Non-Male
1187,./image_data/biological_scientist_2_3_0.png,Non-Male
1188,./image_data/lawyer_3_5.png,Male
1189,./image_data/dentist_2_7_6.png,Male
1190,./image_data/biological_scientist_2_20_2.png,Male
1191,./image_data/bartender_2_12_0.png,Male
1192,./image_data/pharmacist_2_14_8.png,Non-Male
1193,./image_data/pharmacist_2_17_5.png,Male
1194,./image_data/financial_analyst_2_3_8.png,Male
1195,./image_data/janitor_2_14_5.png,Male
1196,./image_data/lawyer_2_7_6.png,Male
1197,./image_data/cook_2_18_9.png,Male
1198,./image_data/pharmacist_2_4_3.png,Male
1199,./image_data/financial_analyst_2_5_9.png,Male
1200,./image_data/dentist_2_2_2.png,Male
1201,./image_data/bartender_2_0_8.png,Male
1202,./image_data/bartender_2_10_4.png,Male
1203,./image_data/lawyer_3_0.png,Male
1204,./image_data/fitness_instructor_0_8.png,Male
1205,./image_data/secondary_school_teacher_2_16_8.png,Non-Male
1206,./image_data/dentist_2_7_5.png,Male
1207,./image_data/lawyer_0_6.png,Male
1208,./image_data/lawyer_2_5_8.png,Male
1209,./image_data/dentist_2_5_3.png,Male
1210,./image_data/biological_scientist_2_2_3.png,Male
1211,./image_data/lawyer_2_15_2.png,Male
1212,./image_data/fitness_instructor_2_13_8.png,Male
1213,./image_data/dentist_2_9_5.png,Male
1214,./image_data/pharmacist_2_13_2.png,Male
1215,./image_data/secondary_school_teacher_2_3_4.png,Male
1216,./image_data/biological_scientist_2_9_2.png,Male
1217,./image_data/pharmacist_2_17_9.png,Non-Male
1218,./image_data/fitness_instructor_4_1.png,Non-Male
1219,./image_data/pharmacist_2_13_4.png,Non-Male
1220,./image_data/janitor_2_0_7.png,Male
1221,./image_data/dentist_2_3_0.png,Male
1222,./image_data/janitor_2_2_7.png,Male
1223,./image_data/dentist_2_20_7.png,Male
1224,./image_data/janitor_2_16_8.png,Male
1225,./image_data/dentist_2_7_0.png,Male
1226,./image_data/pharmacist_2_7_8.png,Male
1227,./image_data/fitness_instructor_2_0_4.png,Non-Male
1228,./image_data/lawyer_2_13_8.png,Male
1229,./image_data/janitor_2_16_2.png,Male
1230,./image_data/financial_analyst_2_3_7.png,Male
1231,./image_data/dentist_2_16_4.png,Male
1232,./image_data/bartender_4_5.png,Male
1233,./image_data/lawyer_2_13_3.png,Male
1234,./image_data/cook_2_6_3.png,Male
1235,./image_data/lawyer_2_12_8.png,Male
1236,./image_data/cook_2_1_2.png,Male
1237,./image_data/bartender_2_6_5.png,Male
1238,./image_data/biological_scientist_2_17_8.png,Non-Male
1239,./image_data/secondary_school_teacher_2_19_8.png,Non-Male
1240,./image_data/biological_scientist_2_7_7.png,Non-Male
1241,./image_data/financial_analyst_2_6_3.png,Male
1242,./image_data/bartender_2_4_1.png,Male
1243,./image_data/lawyer_2_12_2.png,Male
1244,./image_data/bartender_2_14_9.png,Male
1245,./image_data/biological_scientist_2_11_5.png,Male
1246,./image_data/secondary_school_teacher_2_0_8.png,Non-Male
1247,./image_data/pharmacist_2_20_3.png,Male
1248,./image_data/biological_scientist_2_14_1.png,Male
1249,./image_data/bartender_2_10_0.png,Male
1250,./image_data/fitness_instructor_2_4_8.png,Male
1251,./image_data/lawyer_2_14_7.png,Male
1252,./image_data/bartender_2_12_4.png,Male
1253,./image_data/lawyer_2_2_1.png,Male
1254,./image_data/janitor_2_9_6.png,Male
1255,./image_data/lawyer_1_9.png,Male
1256,./image_data/cook_2_6_4.png,Male
1257,./image_data/dentist_2_12_2.png,Male
1258,./image_data/lawyer_2_9_2.png,Male
1259,./image_data/financial_analyst_2_12_4.png,Male
1260,./image_data/pharmacist_2_11_7.png,Non-Male
1261,./image_data/financial_analyst_2_10_6.png,Male
1262,./image_data/biological_scientist_2_17_4.png,Non-Male
1263,./image_data/secondary_school_teacher_2_7_3.png,Male
1264,./image_data/secondary_school_teacher_2_14_4.png,Male
1265,./image_data/secondary_school_teacher_2_3_7.png,Non-Male
1266,./image_data/fitness_instructor_2_8_6.png,Male
1267,./image_data/financial_analyst_2_6_6.png,Male
1268,./image_data/janitor_2_0_3.png,Male
1269,./image_data/fitness_instructor_2_1_2.png,Non-Male
1270,./image_data/dentist_2_7_2.png,Male
1271,./image_data/janitor_2_2_0.png,Male
1272,./image_data/biological_scientist_2_9_9.png,Male
1273,./image_data/bartender_2_12_7.png,Male
1274,./image_data/lawyer_2_0.png,Male
1275,./image_data/fitness_instructor_2_9_3.png,Non-Male
1276,./image_data/fitness_instructor_2_4_0.png,Non-Male
1277,./image_data/financial_analyst_2_13_4.png,Male
1278,./image_data/biological_scientist_2_9_1.png,Non-Male
1279,./image_data/janitor_2_9_2.png,Male
1280,./image_data/secondary_school_teacher_2_18_0.png,Non-Male
1281,./image_data/biological_scientist_2_8_1.png,Non-Male
1282,./image_data/dentist_2_9_8.png,Male
1283,./image_data/fitness_instructor_2_8_5.png,Male
1284,./image_data/cook_2_1_1.png,Male
1285,./image_data/financial_analyst_2_3_5.png,Male
1286,./image_data/pharmacist_2_10_9.png,Male
1287,./image_data/fitness_instructor_3_5.png,Male
1288,./image_data/biological_scientist_2_10_6.png,Non-Male
1289,./image_data/lawyer_2_6_3.png,Male
1290,./image_data/financial_analyst_2_3_3.png,Male
1291,./image_data/financial_analyst_2_17_8.png,Male
1292,./image_data/dentist_2_5_9.png,Male
1293,./image_data/biological_scientist_2_13_4.png,Male
1294,./image_data/fitness_instructor_0_6.png,Male
1295,./image_data/bartender_2_4_6.png,Male
1296,./image_data/biological_scientist_2_1_4.png,Male
1297,./image_data/janitor_2_18_2.png,Male
1298,./image_data/financial_analyst_2_11_6.png,Male
1299,./image_data/fitness_instructor_2_4_3.png,Male
1300,./image_data/financial_analyst_2_19_4.png,Male
1301,./image_data/financial_analyst_2_4_0.png,Male
1302,./image_data/lawyer_2_5_3.png,Male
1303,./image_data/biological_scientist_2_16_0.png,Male
1304,./image_data/fitness_instructor_2_14_4.png,Non-Male
1305,./image_data/lawyer_2_0_4.png,Male
1306,./image_data/biological_scientist_2_18_1.png,Male
1307,./image_data/financial_analyst_2_7_2.png,Male
1308,./image_data/janitor_2_4_4.png,Male
1309,./image_data/financial_analyst_2_0_7.png,Male
1310,./image_data/secondary_school_teacher_2_13_9.png,Male
1311,./image_data/cook_2_19_5.png,Male
1312,./image_data/biological_scientist_2_0_5.png,Male
1313,./image_data/secondary_school_teacher_2_8_6.png,Male
1314,./image_data/pharmacist_2_4_1.png,Non-Male
1315,./image_data/fitness_instructor_2_8_0.png,Male
1316,./image_data/financial_analyst_2_1_8.png,Male
1317,./image_data/lawyer_2_10_9.png,Male
1318,./image_data/financial_analyst_2_9_4.png,Male
1319,./image_data/janitor_2_1_6.png,Male
1320,./image_data/biological_scientist_2_11_0.png,Male
1321,./image_data/lawyer_2_14_2.png,Male
1322,./image_data/pharmacist_2_13_6.png,Male
1323,./image_data/biological_scientist_2_18_9.png,Non-Male
1324,./image_data/cook_2_6_6.png,Male
1325,./image_data/secondary_school_teacher_2_1_9.png,Non-Male
1326,./image_data/secondary_school_teacher_2_1_1.png,Non-Male
1327,./image_data/biological_scientist_2_12_9.png,Non-Male
1328,./image_data/biological_scientist_2_5_5.png,Non-Male
1329,./image_data/pharmacist_2_12_9.png,Male
1330,./image_data/lawyer_2_8_6.png,Male
1331,./image_data/dentist_2_8_5.png,Non-Male
1332,./image_data/cook_2_15_0.png,Male
1333,./image_data/cook_2_6_9.png,Male
1334,./image_data/dentist_2_12_3.png,Male
1335,./image_data/secondary_school_teacher_2_11_3.png,Male
1336,./image_data/secondary_school_teacher_2_14_6.png,Male
1337,./image_data/fitness_instructor_2_12_2.png,Non-Male
1338,./image_data/financial_analyst_2_4_3.png,Male
1339,./image_data/janitor_2_1_9.png,Male
1340,./image_data/fitness_instructor_2_13_7.png,Male
1341,./image_data/janitor_2_19_5.png,Male
1342,./image_data/cook_2_15_4.png,Male
1343,./image_data/cook_2_3_8.png,Male
1344,./image_data/dentist_2_8_6.png,Male
1345,./image_data/lawyer_2_4_9.png,Male
1346,./image_data/janitor_2_20_0.png,Male
1347,./image_data/dentist_2_16_0.png,Male
1348,./image_data/fitness_instructor_2_14_1.png,Non-Male
1349,./image_data/cook_2_17_9.png,Male
1350,./image_data/dentist_2_4_5.png,Male
1351,./image_data/secondary_school_teacher_2_11_7.png,Non-Male
1352,./image_data/fitness_instructor_2_7_3.png,Male
1353,./image_data/financial_analyst_2_0_3.png,Male
1354,./image_data/fitness_instructor_2_1_8.png,Non-Male
1355,./image_data/secondary_school_teacher_2_13_6.png,Non-Male
1356,./image_data/pharmacist_2_7_9.png,Male
1357,./image_data/cook_2_17_5.png,Male
1358,./image_data/financial_analyst_2_13_3.png,Male
1359,./image_data/dentist_2_12_5.png,Male
1360,./image_data/bartender_4_1.png,Male
1361,./image_data/cook_2_9_3.png,Male
1362,./image_data/janitor_2_16_3.png,Male
1363,./image_data/dentist_2_16_7.png,Male
1364,./image_data/pharmacist_2_12_7.png,Non-Male
1365,./image_data/biological_scientist_2_14_5.png,Non-Male
1366,./image_data/secondary_school_teacher_2_4_6.png,Male
1367,./image_data/dentist_2_14_4.png,Male
1368,./image_data/secondary_school_teacher_2_17_8.png,Non-Male
1369,./image_data/lawyer_2_11_8.png,Male
1370,./image_data/financial_analyst_2_18_0.png,Male
1371,./image_data/biological_scientist_2_4_5.png,Non-Male
1372,./image_data/pharmacist_2_6_2.png,Male
1373,./image_data/lawyer_2_2_9.png,Male
1374,./image_data/dentist_2_13_7.png,Male
1375,./image_data/biological_scientist_2_10_3.png,Non-Male
1376,./image_data/financial_analyst_2_3_4.png,Male
1377,./image_data/dentist_2_3_8.png,Male
1378,./image_data/bartender_2_4_8.png,Male
1379,./image_data/pharmacist_2_6_5.png,Male
1380,./image_data/fitness_instructor_2_15_4.png,Non-Male
1381,./image_data/lawyer_3_7.png,Male
1382,./image_data/fitness_instructor_2_2_8.png,Male
1383,./image_data/cook_2_20_4.png,Male
1384,./image_data/fitness_instructor_2_2_2.png,Non-Male
1385,./image_data/dentist_2_6_4.png,Male
1386,./image_data/pharmacist_2_16_6.png,Male
1387,./image_data/dentist_2_4_8.png,Male
1388,./image_data/bartender_2_6_4.png,Male
1389,./image_data/financial_analyst_2_2_5.png,Male
1390,./image_data/dentist_2_3_5.png,Male
1391,./image_data/fitness_instructor_3_1.png,Male
1392,./image_data/lawyer_2_13_1.png,Male
1393,./image_data/dentist_2_17_5.png,Male
1394,./image_data/financial_analyst_2_0_5.png,Male
1395,./image_data/lawyer_1_4.png,Male
1396,./image_data/cook_2_15_2.png,Male
1397,./image_data/dentist_2_7_4.png,Male
1398,./image_data/cook_2_19_0.png,Male
1399,./image_data/biological_scientist_2_11_6.png,Non-Male
1400,./image_data/fitness_instructor_3_3.png,Male
1401,./image_data/dentist_2_12_6.png,Male
1402,./image_data/cook_2_9_7.png,Male
1403,./image_data/dentist_2_15_0.png,Male
1404,./image_data/dentist_2_9_0.png,Male
1405,./image_data/pharmacist_2_9_7.png,Non-Male
1406,./image_data/financial_analyst_2_17_0.png,Male
1407,./image_data/cook_2_2_3.png,Male
1408,./image_data/biological_scientist_2_1_3.png,Male
1409,./image_data/fitness_instructor_2_12_0.png,Non-Male
1410,./image_data/janitor_2_4_3.png,Male
1411,./image_data/dentist_2_13_6.png,Male
1412,./image_data/dentist_2_5_2.png,Male
1413,./image_data/pharmacist_2_6_3.png,Non-Male
1414,./image_data/secondary_school_teacher_2_17_1.png,Male
1415,./image_data/lawyer_4_6.png,Male
1416,./image_data/secondary_school_teacher_2_10_1.png,Male
1417,./image_data/biological_scientist_2_6_9.png,Male
1418,./image_data/cook_2_5_3.png,Male
1419,./image_data/pharmacist_2_14_3.png,Non-Male
1420,./image_data/secondary_school_teacher_2_2_4.png,Male
1421,./image_data/bartender_2_0_5.png,Male
1422,./image_data/fitness_instructor_2_0_5.png,Male
1423,./image_data/pharmacist_2_3_7.png,Non-Male
1424,./image_data/janitor_2_8_4.png,Male
1425,./image_data/pharmacist_2_13_5.png,Male
1426,./image_data/janitor_2_14_2.png,Male
1427,./image_data/secondary_school_teacher_2_4_9.png,Male
1428,./image_data/lawyer_2_11_0.png,Male
1429,./image_data/bartender_3_0.png,Male
1430,./image_data/janitor_2_6_7.png,Male
1431,./image_data/lawyer_2_5_7.png,Male
1432,./image_data/pharmacist_2_5_9.png,Non-Male
1433,./image_data/fitness_instructor_2_2_5.png,Non-Male
1434,./image_data/secondary_school_teacher_2_12_3.png,Non-Male
1435,./image_data/biological_scientist_2_12_3.png,Male
1436,./image_data/pharmacist_2_0_2.png,Male
1437,./image_data/biological_scientist_2_7_3.png,Non-Male
1438,./image_data/dentist_2_20_3.png,Male
1439,./image_data/secondary_school_teacher_2_17_9.png,Non-Male
1440,./image_data/janitor_2_2_9.png,Male
1441,./image_data/cook_2_2_8.png,Male
1442,./image_data/lawyer_2_6.png,Male
1443,./image_data/secondary_school_teacher_2_1_6.png,Non-Male
1444,./image_data/financial_analyst_2_5_7.png,Male
1445,./image_data/janitor_2_10_1.png,Male
1446,./image_data/dentist_2_3_2.png,Male
1447,./image_data/fitness_instructor_2_14_5.png,Male
1448,./image_data/cook_2_8_2.png,Male
1449,./image_data/janitor_2_10_9.png,Male
1450,./image_data/financial_analyst_2_11_0.png,Male
1451,./image_data/bartender_2_13_5.png,Male
1452,./image_data/secondary_school_teacher_2_11_9.png,Non-Male
1453,./image_data/cook_2_19_1.png,Male
1454,./image_data/pharmacist_2_11_5.png,Non-Male
1455,./image_data/secondary_school_teacher_2_15_7.png,Non-Male
1456,./image_data/janitor_2_11_5.png,Male
1457,./image_data/bartender_2_9.png,Male
1458,./image_data/cook_2_9_2.png,Male
1459,./image_data/financial_analyst_2_18_7.png,Male
1460,./image_data/biological_scientist_2_0_0.png,Non-Male
1461,./image_data/bartender_2_8_4.png,Male
1462,./image_data/lawyer_2_5_1.png,Male
1463,./image_data/biological_scientist_2_4_9.png,Male
1464,./image_data/financial_analyst_2_2_1.png,Male
1465,./image_data/pharmacist_2_1_0.png,Non-Male
1466,./image_data/lawyer_2_2_5.png,Male
1467,./image_data/janitor_2_20_5.png,Male
1468,./image_data/janitor_2_4_2.png,Male
1469,./image_data/secondary_school_teacher_2_9_4.png,Male
1470,./image_data/cook_2_10_3.png,Male
1471,./image_data/dentist_2_6_0.png,Male
1472,./image_data/pharmacist_2_4_0.png,Male
1473,./image_data/financial_analyst_2_7_9.png,Male
1474,./image_data/biological_scientist_2_5_0.png,Male
1475,./image_data/janitor_2_15_4.png,Male
1476,./image_data/cook_2_19_8.png,Male
1477,./image_data/lawyer_2_8_3.png,Male
1478,./image_data/pharmacist_2_8_8.png,Male
1479,./image_data/pharmacist_2_16_1.png,Male
1480,./image_data/financial_analyst_2_7_7.png,Male
1481,./image_data/bartender_4_2.png,Male
1482,./image_data/lawyer_2_9_8.png,Male
1483,./image_data/secondary_school_teacher_2_16_4.png,Male
1484,./image_data/lawyer_2_3_6.png,Male
1485,./image_data/dentist_2_17_2.png,Male
1486,./image_data/dentist_2_16_1.png,Male
1487,./image_data/biological_scientist_2_2_5.png,Non-Male
1488,./image_data/biological_scientist_2_6_2.png,Male
1489,./image_data/dentist_2_8_1.png,Male
1490,./image_data/secondary_school_teacher_2_7_1.png,Male
1491,./image_data/financial_analyst_2_18_2.png,Male
1492,./image_data/janitor_2_15_6.png,Male
1493,./image_data/bartender_2_10_1.png,Male
1494,./image_data/fitness_instructor_2_9.png,Non-Male
1495,./image_data/fitness_instructor_2_9_0.png,Male
1496,./image_data/secondary_school_teacher_2_18_3.png,Non-Male
1497,./image_data/fitness_instructor_2_7.png,Non-Male
1498,./image_data/dentist_2_2_6.png,Male
1499,./image_data/fitness_instructor_2_2_3.png,Male
1500,./image_data/pharmacist_2_14_9.png,Male
1501,./image_data/cook_2_0_8.png,Male
1502,./image_data/cook_2_2_0.png,Male
1503,./image_data/financial_analyst_2_15_8.png,Male
1504,./image_data/biological_scientist_2_0_3.png,Male
1505,./image_data/bartender_2_5_4.png,Male
1506,./image_data/financial_analyst_2_17_6.png,Male
1507,./image_data/cook_2_12_7.png,Male
1508,./image_data/fitness_instructor_2_7_8.png,Male
1509,./image_data/bartender_2_6.png,Male
1510,./image_data/bartender_2_11_3.png,Male
1511,./image_data/financial_analyst_2_16_3.png,Male
1512,./image_data/cook_2_10_4.png,Male
1513,./image_data/bartender_2_0_4.png,Male
1514,./image_data/fitness_instructor_2_4_1.png,Non-Male
1515,./image_data/secondary_school_teacher_2_20_8.png,Male
1516,./image_data/secondary_school_teacher_2_0_7.png,Male
1517,./image_data/fitness_instructor_2_12_8.png,Non-Male
1518,./image_data/fitness_instructor_2_10_6.png,Non-Male
1519,./image_data/fitness_instructor_2_0_6.png,Male
1520,./image_data/bartender_2_3_9.png,Male
1521,./image_data/janitor_2_1_4.png,Male
1522,./image_data/biological_scientist_2_12_0.png,Male
1523,./image_data/lawyer_2_11_9.png,Male
1524,./image_data/biological_scientist_2_15_5.png,Non-Male
1525,./image_data/pharmacist_2_19_3.png,Non-Male
1526,./image_data/pharmacist_2_20_4.png,Male
1527,./image_data/lawyer_2_13_5.png,Male
1528,./image_data/secondary_school_teacher_2_12_4.png,Male
1529,./image_data/dentist_2_18_5.png,Non-Male
1530,./image_data/biological_scientist_2_3_1.png,Non-Male
1531,./image_data/pharmacist_2_16_5.png,Non-Male
1532,./image_data/lawyer_2_4_0.png,Male
1533,./image_data/pharmacist_2_4_9.png,Male
1534,./image_data/bartender_2_9_7.png,Male
1535,./image_data/financial_analyst_2_10_4.png,Male
1536,./image_data/fitness_instructor_2_7_4.png,Non-Male
1537,./image_data/pharmacist_2_2_5.png,Male
1538,./image_data/bartender_2_0_9.png,Male
1539,./image_data/bartender_1_7.png,Male
1540,./image_data/lawyer_0_1.png,Male
1541,./image_data/lawyer_0_2.png,Male
1542,./image_data/biological_scientist_2_13_1.png,Non-Male
1543,./image_data/secondary_school_teacher_2_3_0.png,Non-Male
1544,./image_data/lawyer_2_8_1.png,Male
1545,./image_data/bartender_1_0.png,Male
1546,./image_data/bartender_2_3_2.png,Male
1547,./image_data/biological_scientist_2_3_7.png,Non-Male
1548,./image_data/bartender_2_4_3.png,Male
1549,./image_data/secondary_school_teacher_2_8_4.png,Non-Male
1550,./image_data/fitness_instructor_2_1_5.png,Male
1551,./image_data/biological_scientist_2_17_6.png,Non-Male
1552,./image_data/financial_analyst_2_11_3.png,Male
1553,./image_data/biological_scientist_2_16_6.png,Male
1554,./image_data/secondary_school_teacher_2_3_5.png,Non-Male
1555,./image_data/secondary_school_teacher_2_19_4.png,Male
1556,./image_data/pharmacist_2_3_2.png,Non-Male
1557,./image_data/janitor_2_10_2.png,Male
1558,./image_data/janitor_2_1_5.png,Male
1559,./image_data/pharmacist_2_17_3.png,Male
1560,./image_data/financial_analyst_2_3_9.png,Male
1561,./image_data/cook_2_11_1.png,Male
1562,./image_data/financial_analyst_2_18_4.png,Male
1563,./image_data/janitor_2_9_8.png,Male
1564,./image_data/janitor_2_13_2.png,Male
1565,./image_data/financial_analyst_2_4_7.png,Male
1566,./image_data/financial_analyst_2_14_1.png,Male
1567,./image_data/secondary_school_teacher_2_15_8.png,Male
1568,./image_data/fitness_instructor_3_9.png,Male
1569,./image_data/biological_scientist_2_16_2.png,Male
1570,./image_data/janitor_2_2_2.png,Male
1571,./image_data/pharmacist_2_9_6.png,Non-Male
1572,./image_data/biological_scientist_2_4_1.png,Male
1573,./image_data/lawyer_2_12_4.png,Male
1574,./image_data/fitness_instructor_2_15_9.png,Non-Male
1575,./image_data/secondary_school_teacher_2_7_2.png,Non-Male
1576,./image_data/cook_2_17_8.png,Male
1577,./image_data/pharmacist_2_15_7.png,Non-Male
1578,./image_data/fitness_instructor_2_14_9.png,Male
1579,./image_data/janitor_2_6_5.png,Male
1580,./image_data/dentist_2_12_1.png,Non-Male
1581,./image_data/bartender_2_2_4.png,Male
1582,./image_data/dentist_2_11_7.png,Male
1583,./image_data/janitor_2_1_7.png,Male
1584,./image_data/fitness_instructor_2_1_4.png,Male
1585,./image_data/fitness_instructor_2_6_1.png,Non-Male
1586,./image_data/dentist_2_17_7.png,Non-Male
1587,./image_data/dentist_2_4_7.png,Male
1588,./image_data/dentist_2_17_8.png,Male
1589,./image_data/secondary_school_teacher_2_0_4.png,Male
1590,./image_data/pharmacist_2_19_8.png,Male
1591,./image_data/janitor_2_20_1.png,Male
1592,./image_data/lawyer_2_14_5.png,Male
1593,./image_data/janitor_2_1_0.png,Male
1594,./image_data/financial_analyst_2_16_9.png,Male
1595,./image_data/secondary_school_teacher_2_20_9.png,Male
1596,./image_data/fitness_instructor_2_10_5.png,Non-Male
1597,./image_data/bartender_2_10_8.png,Male
1598,./image_data/lawyer_2_0_0.png,Male
1599,./image_data/cook_2_7_2.png,Male
1600,./image_data/lawyer_2_9_5.png,Male
1601,./image_data/cook_2_3_2.png,Male
1602,./image_data/secondary_school_teacher_2_18_9.png,Male
1603,./image_data/biological_scientist_2_6_3.png,Male
1604,./image_data/secondary_school_teacher_2_17_5.png,Non-Male
1605,./image_data/cook_2_4_8.png,Male
1606,./image_data/biological_scientist_2_6_4.png,Male
1607,./image_data/cook_2_14_2.png,Male
1608,./image_data/biological_scientist_2_0_2.png,Male
1609,./image_data/janitor_2_5_9.png,Male
1610,./image_data/lawyer_2_9_9.png,Male
1611,./image_data/dentist_2_4_9.png,Male
1612,./image_data/biological_scientist_2_19_3.png,Male
1613,./image_data/bartender_2_3_4.png,Male
1614,./image_data/secondary_school_teacher_2_8_1.png,Male
1615,./image_data/secondary_school_teacher_2_1_3.png,Male
1616,./image_data/secondary_school_teacher_2_5_6.png,Non-Male
1617,./image_data/fitness_instructor_4_7.png,Male
1618,./image_data/financial_analyst_2_3_6.png,Male
1619,./image_data/pharmacist_2_8_5.png,Male
1620,./image_data/financial_analyst_2_4_4.png,Male
1621,./image_data/bartender_2_6_3.png,Male
1622,./image_data/lawyer_2_3_1.png,Male
1623,./image_data/financial_analyst_2_3_0.png,Male
1624,./image_data/lawyer_2_0_6.png,Male
1625,./image_data/secondary_school_teacher_2_20_4.png,Non-Male
1626,./image_data/fitness_instructor_2_0_7.png,Non-Male
1627,./image_data/janitor_2_12_9.png,Male
1628,./image_data/lawyer_2_7_7.png,Male
1629,./image_data/dentist_2_11_1.png,Male
1630,./image_data/fitness_instructor_2_5_4.png,Non-Male
1631,./image_data/cook_2_15_7.png,Male
1632,./image_data/bartender_2_0_1.png,Male
1633,./image_data/janitor_2_8_5.png,Male
1634,./image_data/cook_2_18_6.png,Male
1635,./image_data/lawyer_2_7_1.png,Male
1636,./image_data/secondary_school_teacher_2_5_2.png,Non-Male
1637,./image_data/bartender_2_5_1.png,Male
1638,./image_data/biological_scientist_2_8_9.png,Male
1639,./image_data/financial_analyst_2_19_0.png,Male
1640,./image_data/financial_analyst_2_5_2.png,Male
1641,./image_data/janitor_2_8_0.png,Male
1642,./image_data/bartender_2_5_5.png,Male
1643,./image_data/financial_analyst_2_10_5.png,Male
1644,./image_data/bartender_2_1.png,Male
1645,./image_data/dentist_2_7_1.png,Male
1646,./image_data/pharmacist_2_2_6.png,Male
1647,./image_data/cook_2_20_5.png,Male
1648,./image_data/lawyer_2_10_4.png,Male
1649,./image_data/cook_2_10_9.png,Male
1650,./image_data/biological_scientist_2_7_1.png,Non-Male
1651,./image_data/janitor_2_17_8.png,Male
1652,./image_data/fitness_instructor_2_8_1.png,Male
1653,./image_data/dentist_2_1_9.png,Male
1654,./image_data/lawyer_2_15_0.png,Male
1655,./image_data/biological_scientist_2_0_8.png,Non-Male
1656,./image_data/lawyer_2_4_4.png,Male
1657,./image_data/cook_2_8_0.png,Male
1658,./image_data/cook_2_14_6.png,Male
1659,./image_data/biological_scientist_2_16_7.png,Non-Male
1660,./image_data/janitor_2_18_6.png,Male
1661,./image_data/pharmacist_2_7_3.png,Non-Male
1662,./image_data/pharmacist_2_16_8.png,Non-Male
1663,./image_data/bartender_2_8_6.png,Male
1664,./image_data/secondary_school_teacher_2_12_2.png,Male
1665,./image_data/biological_scientist_2_7_5.png,Male
1666,./image_data/lawyer_2_6_1.png,Male
1667,./image_data/secondary_school_teacher_2_20_7.png,Non-Male
1668,./image_data/biological_scientist_2_2_8.png,Male
1669,./image_data/lawyer_2_5_0.png,Male
1670,./image_data/pharmacist_2_3_0.png,Male
1671,./image_data/secondary_school_teacher_2_6_4.png,Male
1672,./image_data/cook_2_12_8.png,Male
1673,./image_data/janitor_2_20_6.png,Male
1674,./image_data/secondary_school_teacher_2_11_6.png,Male
1675,./image_data/dentist_2_6_3.png,Male
1676,./image_data/cook_2_1_5.png,Male
1677,./image_data/pharmacist_2_7_6.png,Non-Male
1678,./image_data/lawyer_3_3.png,Male
1679,./image_data/biological_scientist_2_4_7.png,Male
1680,./image_data/biological_scientist_2_5_7.png,Non-Male
1681,./image_data/bartender_2_9_5.png,Male
1682,./image_data/pharmacist_2_0_8.png,Non-Male
1683,./image_data/cook_2_3_6.png,Male
1684,./image_data/janitor_2_9_5.png,Male
1685,./image_data/secondary_school_teacher_2_10_9.png,Non-Male
1686,./image_data/cook_2_5_5.png,Male
1687,./image_data/dentist_2_12_7.png,Male
1688,./image_data/janitor_2_20_8.png,Male
1689,./image_data/secondary_school_teacher_2_10_5.png,Male
1690,./image_data/financial_analyst_2_2_3.png,Male
1691,./image_data/biological_scientist_2_20_0.png,Non-Male
1692,./image_data/cook_2_6_5.png,Male
1693,./image_data/pharmacist_2_8_2.png,Non-Male
1694,./image_data/secondary_school_teacher_2_14_8.png,Male
1695,./image_data/secondary_school_teacher_2_1_8.png,Non-Male
1696,./image_data/lawyer_2_2_6.png,Male
1697,./image_data/janitor_2_11_8.png,Male
1698,./image_data/bartender_2_0_3.png,Male
1699,./image_data/financial_analyst_2_4_5.png,Male
1700,./image_data/secondary_school_teacher_2_18_5.png,Non-Male
1701,./image_data/cook_2_15_5.png,Male
1702,./image_data/pharmacist_2_15_1.png,Male
1703,./image_data/janitor_2_3_3.png,Male
1704,./image_data/biological_scientist_2_18_5.png,Male
1705,./image_data/bartender_2_4_2.png,Male
1706,./image_data/lawyer_2_12_5.png,Male
1707,./image_data/bartender_2_5_6.png,Male
1708,./image_data/pharmacist_2_14_7.png,Male
1709,./image_data/cook_2_17_2.png,Male
1710,./image_data/janitor_2_12_6.png,Male
1711,./image_data/janitor_2_16_6.png,Male
1712,./image_data/fitness_instructor_2_11_6.png,Male
1713,./image_data/fitness_instructor_2_2_1.png,Male
1714,./image_data/pharmacist_2_11_9.png,Non-Male
1715,./image_data/financial_analyst_2_8_2.png,Male
1716,./image_data/lawyer_2_4_8.png,Male
1717,./image_data/secondary_school_teacher_2_14_1.png,Non-Male
1718,./image_data/biological_scientist_2_11_1.png,Male
1719,./image_data/pharmacist_2_0_0.png,Male
1720,./image_data/bartender_1_6.png,Male
1721,./image_data/pharmacist_2_16_4.png,Male
1722,./image_data/lawyer_2_6_0.png,Male
1723,./image_data/janitor_2_14_7.png,Male
1724,./image_data/lawyer_2_11_7.png,Male
1725,./image_data/pharmacist_2_11_6.png,Male
1726,./image_data/dentist_2_15_9.png,Male
1727,./image_data/secondary_school_teacher_2_19_5.png,Male
1728,./image_data/financial_analyst_2_14_0.png,Male
1729,./image_data/cook_2_5_2.png,Male
1730,./image_data/janitor_2_15_1.png,Male
1731,./image_data/biological_scientist_2_1_0.png,Male
1732,./image_data/financial_analyst_2_16_6.png,Male
1733,./image_data/fitness_instructor_2_13_6.png,Male
1734,./image_data/secondary_school_teacher_2_2_8.png,Male
1735,./image_data/biological_scientist_2_15_8.png,Male
1736,./image_data/biological_scientist_2_6_6.png,Non-Male
1737,./image_data/financial_analyst_2_12_2.png,Male
1738,./image_data/fitness_instructor_2_6_5.png,Non-Male
1739,./image_data/cook_2_12_2.png,Male
1740,./image_data/fitness_instructor_2_10_9.png,Non-Male
1741,./image_data/pharmacist_2_12_1.png,Non-Male
1742,./image_data/pharmacist_2_9_8.png,Non-Male
1743,./image_data/cook_2_0_0.png,Male
1744,./image_data/janitor_2_16_7.png,Male
1745,./image_data/biological_scientist_2_8_6.png,Male
1746,./image_data/bartender_2_3_8.png,Male
1747,./image_data/fitness_instructor_2_2.png,Male
1748,./image_data/janitor_2_20_2.png,Male
1749,./image_data/biological_scientist_2_6_0.png,Male
1750,./image_data/secondary_school_teacher_2_11_2.png,Non-Male
1751,./image_data/secondary_school_teacher_2_3_2.png,Male
1752,./image_data/fitness_instructor_2_15_7.png,Non-Male
1753,./image_data/fitness_instructor_4_4.png,Non-Male
1754,./image_data/bartender_2_9_3.png,Male
1755,./image_data/secondary_school_teacher_2_4_5.png,Non-Male
1756,./image_data/pharmacist_2_20_6.png,Non-Male
1757,./image_data/financial_analyst_2_13_7.png,Male
1758,./image_data/fitness_instructor_2_14_8.png,Non-Male
1759,./image_data/financial_analyst_2_15_2.png,Male
1760,./image_data/dentist_2_15_5.png,Male
1761,./image_data/fitness_instructor_2_9_6.png,Non-Male
1762,./image_data/financial_analyst_2_8_6.png,Male
1763,./image_data/fitness_instructor_2_0_8.png,Non-Male
1764,./image_data/financial_analyst_2_20_0.png,Male
1765,./image_data/fitness_instructor_2_12_5.png,Non-Male
1766,./image_data/pharmacist_2_3_3.png,Male
1767,./image_data/bartender_2_2_8.png,Male
1768,./image_data/janitor_2_7_0.png,Male
1769,./image_data/financial_analyst_2_20_6.png,Male
1770,./image_data/dentist_2_19_6.png,Male
1771,./image_data/lawyer_2_12_0.png,Male
1772,./image_data/janitor_2_20_7.png,Male
1773,./image_data/financial_analyst_2_17_3.png,Male
1774,./image_data/secondary_school_teacher_2_19_2.png,Non-Male
1775,./image_data/lawyer_2_3_5.png,Male
1776,./image_data/bartender_4_7.png,Male
1777,./image_data/bartender_1_5.png,Male
1778,./image_data/pharmacist_2_3_5.png,Non-Male
1779,./image_data/lawyer_2_6_6.png,Male
1780,./image_data/janitor_2_0_4.png,Male
1781,./image_data/cook_2_9_5.png,Male
1782,./image_data/cook_2_1_7.png,Male
1783,./image_data/pharmacist_2_20_7.png,Male
1784,./image_data/cook_2_0_5.png,Male
1785,./image_data/secondary_school_teacher_2_5_4.png,Non-Male
1786,./image_data/cook_2_14_5.png,Male
1787,./image_data/financial_analyst_2_9_9.png,Male
1788,./image_data/lawyer_2_9_0.png,Male
1789,./image_data/biological_scientist_2_1_1.png,Non-Male
1790,./image_data/cook_2_9_0.png,Male
1791,./image_data/dentist_2_10_8.png,Male
1792,./image_data/fitness_instructor_2_14_7.png,Male
1793,./image_data/financial_analyst_2_8_5.png,Male
1794,./image_data/secondary_school_teacher_2_1_4.png,Non-Male
1795,./image_data/cook_2_8_7.png,Male
1796,./image_data/bartender_4_3.png,Male
1797,./image_data/secondary_school_teacher_2_7_4.png,Non-Male
1798,./image_data/cook_2_14_9.png,Male
1799,./image_data/bartender_4_8.png,Male
1800,./image_data/pharmacist_2_14_6.png,Male
1801,./image_data/secondary_school_teacher_2_18_2.png,Non-Male
1802,./image_data/dentist_2_1_3.png,Male
1803,./image_data/pharmacist_2_0_4.png,Male
1804,./image_data/pharmacist_2_12_8.png,Non-Male
1805,./image_data/biological_scientist_2_5_4.png,Male
1806,./image_data/financial_analyst_2_20_7.png,Male
1807,./image_data/lawyer_2_11_6.png,Male
1808,./image_data/janitor_2_0_9.png,Male
1809,./image_data/janitor_2_11_6.png,Male
1810,./image_data/pharmacist_2_15_5.png,Non-Male
1811,./image_data/fitness_instructor_4_0.png,Non-Male
1812,./image_data/janitor_2_4_8.png,Male
1813,./image_data/financial_analyst_2_17_5.png,Male
1814,./image_data/bartender_2_7_5.png,Male
1815,./image_data/secondary_school_teacher_2_4_3.png,Non-Male
1816,./image_data/lawyer_2_8_0.png,Male
1817,./image_data/pharmacist_2_4_2.png,Male
1818,./image_data/biological_scientist_2_3_5.png,Male
1819,./image_data/cook_2_10_0.png,Male
1820,./image_data/pharmacist_2_8_9.png,Male
1821,./image_data/bartender_2_13_9.png,Male
1822,./image_data/bartender_4_6.png,Male
1823,./image_data/janitor_2_18_7.png,Male
1824,./image_data/dentist_2_18_3.png,Male
1825,./image_data/janitor_2_3_8.png,Male
1826,./image_data/fitness_instructor_2_15_1.png,Male
1827,./image_data/secondary_school_teacher_2_16_6.png,Non-Male
1828,./image_data/biological_scientist_2_19_7.png,Non-Male
1829,./image_data/secondary_school_teacher_2_16_2.png,Non-Male
1830,./image_data/cook_2_18_7.png,Male
1831,./image_data/pharmacist_2_9_9.png,Non-Male
1832,./image_data/pharmacist_2_2_1.png,Male
1833,./image_data/fitness_instructor_2_1_6.png,Male
1834,./image_data/janitor_2_7_4.png,Male
1835,./image_data/janitor_2_5_2.png,Male
1836,./image_data/lawyer_4_9.png,Male
1837,./image_data/financial_analyst_2_6_0.png,Male
1838,./image_data/lawyer_2_15_3.png,Male
1839,./image_data/pharmacist_2_20_8.png,Male
1840,./image_data/pharmacist_2_5_7.png,Male
1841,./image_data/bartender_0_5.png,Male
1842,./image_data/fitness_instructor_0_3.png,Male
1843,./image_data/bartender_0_3.png,Male
1844,./image_data/fitness_instructor_2_9_8.png,Male
1845,./image_data/janitor_2_15_5.png,Male
1846,./image_data/biological_scientist_2_12_7.png,Non-Male
1847,./image_data/bartender_2_11_1.png,Male
1848,./image_data/financial_analyst_2_12_3.png,Male
1849,./image_data/cook_2_10_8.png,Male
1850,./image_data/dentist_2_17_0.png,Male
1851,./image_data/cook_2_18_5.png,Male
1852,./image_data/cook_2_3_0.png,Male
1853,./image_data/pharmacist_2_14_5.png,Male
1854,./image_data/janitor_2_18_3.png,Male
1855,./image_data/financial_analyst_2_20_8.png,Male
1856,./image_data/bartender_0_1.png,Male
1857,./image_data/fitness_instructor_2_0_1.png,Male
1858,./image_data/financial_analyst_2_4_1.png,Male
1859,./image_data/secondary_school_teacher_2_14_9.png,Male
1860,./image_data/biological_scientist_2_4_6.png,Male
1861,./image_data/cook_2_16_6.png,Male
1862,./image_data/bartender_2_6_7.png,Male
1863,./image_data/cook_2_19_4.png,Male
1864,./image_data/lawyer_2_1_8.png,Male
1865,./image_data/secondary_school_teacher_2_6_6.png,Non-Male
1866,./image_data/biological_scientist_2_11_9.png,Non-Male
1867,./image_data/biological_scientist_2_16_1.png,Non-Male
1868,./image_data/cook_2_15_3.png,Male
1869,./image_data/bartender_2_15_3.png,Male
1870,./image_data/cook_2_2_9.png,Male
1871,./image_data/fitness_instructor_3_0.png,Male
1872,./image_data/janitor_2_10_0.png,Male
1873,./image_data/financial_analyst_2_12_5.png,Male
1874,./image_data/bartender_2_14_7.png,Male
1875,./image_data/lawyer_4_4.png,Male
1876,./image_data/secondary_school_teacher_2_8_0.png,Male
1877,./image_data/secondary_school_teacher_2_7_8.png,Male
1878,./image_data/janitor_2_13_3.png,Male
1879,./image_data/bartender_2_8_0.png,Male
1880,./image_data/dentist_2_10_3.png,Male
1881,./image_data/bartender_2_4_5.png,Male
1882,./image_data/bartender_0_8.png,Male
1883,./image_data/lawyer_2_15_8.png,Male
1884,./image_data/financial_analyst_2_13_2.png,Male
1885,./image_data/janitor_2_18_4.png,Male
1886,./image_data/fitness_instructor_2_14_2.png,Male
1887,./image_data/financial_analyst_2_15_7.png,Male
1888,./image_data/pharmacist_2_2_2.png,Non-Male
1889,./image_data/pharmacist_2_18_3.png,Non-Male
1890,./image_data/cook_2_7_5.png,Male
1891,./image_data/lawyer_2_2_7.png,Male
1892,./image_data/financial_analyst_2_15_4.png,Male
1893,./image_data/fitness_instructor_2_7_7.png,Non-Male
1894,./image_data/dentist_2_13_5.png,Male
1895,./image_data/dentist_2_10_2.png,Male
1896,./image_data/pharmacist_2_5_8.png,Male
1897,./image_data/janitor_2_9_0.png,Male
1898,./image_data/secondary_school_teacher_2_0_3.png,Non-Male
1899,./image_data/lawyer_2_9_1.png,Male
1900,./image_data/dentist_2_11_2.png,Male
1901,./image_data/financial_analyst_2_19_3.png,Male
1902,./image_data/janitor_2_15_2.png,Male
1903,./image_data/lawyer_2_0_5.png,Male
1904,./image_data/fitness_instructor_2_11_0.png,Non-Male
1905,./image_data/bartender_1_4.png,Male
1906,./image_data/biological_scientist_2_9_5.png,Male
1907,./image_data/cook_2_19_9.png,Male
1908,./image_data/financial_analyst_2_18_1.png,Male
1909,./image_data/financial_analyst_2_13_0.png,Male
1910,./image_data/bartender_2_10_5.png,Male
1911,./image_data/secondary_school_teacher_2_17_2.png,Non-Male
1912,./image_data/cook_2_16_5.png,Male
1913,./image_data/cook_2_1_0.png,Male
1914,./image_data/cook_2_8_9.png,Male
1915,./image_data/biological_scientist_2_17_3.png,Non-Male
1916,./image_data/dentist_2_17_3.png,Male
1917,./image_data/pharmacist_2_10_2.png,Male
1918,./image_data/secondary_school_teacher_2_20_6.png,Non-Male
1919,./image_data/financial_analyst_2_17_9.png,Male
1920,./image_data/cook_2_10_6.png,Male
1921,./image_data/cook_2_10_2.png,Male
1922,./image_data/lawyer_2_5_5.png,Male
1923,./image_data/fitness_instructor_2_15_5.png,Male
1924,./image_data/secondary_school_teacher_2_7_6.png,Male
1925,./image_data/lawyer_2_5_2.png,Male
1926,./image_data/janitor_2_11_2.png,Male
1927,./image_data/dentist_2_15_8.png,Male
1928,./image_data/dentist_2_6_9.png,Male
1929,./image_data/fitness_instructor_2_4.png,Male
1930,./image_data/financial_analyst_2_8_9.png,Male
1931,./image_data/cook_2_2_7.png,Male
1932,./image_data/lawyer_2_15_4.png,Male
1933,./image_data/bartender_2_9_8.png,Male
1934,./image_data/financial_analyst_2_10_7.png,Male
1935,./image_data/lawyer_2_4.png,Male
1936,./image_data/cook_2_20_0.png,Male
1937,./image_data/fitness_instructor_2_9_9.png,Non-Male
1938,./image_data/bartender_2_13_7.png,Male
1939,./image_data/secondary_school_teacher_2_13_4.png,Male
1940,./image_data/lawyer_2_15_5.png,Male
1941,./image_data/biological_scientist_2_10_1.png,Male
1942,./image_data/secondary_school_teacher_2_17_0.png,Non-Male
1943,./image_data/pharmacist_2_19_4.png,Non-Male
1944,./image_data/janitor_2_0_0.png,Male
1945,./image_data/bartender_2_8_2.png,Male
1946,./image_data/bartender_3_5.png,Male
1947,./image_data/secondary_school_teacher_2_2_5.png,Non-Male
1948,./image_data/biological_scientist_2_13_3.png,Male
1949,./image_data/lawyer_2_8_4.png,Male
1950,./image_data/pharmacist_2_14_2.png,Non-Male
1951,./image_data/secondary_school_teacher_2_12_6.png,Non-Male
1952,./image_data/lawyer_2_13_2.png,Male
1953,./image_data/biological_scientist_2_1_9.png,Male
1954,./image_data/janitor_2_6_9.png,Male
1955,./image_data/fitness_instructor_2_6.png,Male
1956,./image_data/bartender_2_2_2.png,Male
1957,./image_data/bartender_2_2_7.png,Male
1958,./image_data/cook_2_11_6.png,Male
1959,./image_data/fitness_instructor_2_3_4.png,Male
1960,./image_data/dentist_2_20_8.png,Male
1961,./image_data/bartender_2_6_8.png,Male
1962,./image_data/biological_scientist_2_15_4.png,Non-Male
1963,./image_data/biological_scientist_2_16_8.png,Male
1964,./image_data/dentist_2_13_9.png,Male
1965,./image_data/biological_scientist_2_17_5.png,Male
1966,./image_data/janitor_2_20_9.png,Male
1967,./image_data/financial_analyst_2_1_6.png,Male
1968,./image_data/fitness_instructor_2_5_9.png,Male
1969,./image_data/cook_2_20_2.png,Male
1970,./image_data/pharmacist_2_3_1.png,Male
1971,./image_data/biological_scientist_2_2_0.png,Male
1972,./image_data/cook_2_13_3.png,Male
1973,./image_data/financial_analyst_2_10_3.png,Male
1974,./image_data/pharmacist_2_7_0.png,Male
1975,./image_data/lawyer_2_2_0.png,Male
1976,./image_data/biological_scientist_2_16_3.png,Male
1977,./image_data/pharmacist_2_1_4.png,Male
1978,./image_data/bartender_2_5_2.png,Male
1979,./image_data/bartender_0_0.png,Male
1980,./image_data/dentist_2_19_3.png,Male
1981,./image_data/pharmacist_2_0_9.png,Male
1982,./image_data/lawyer_3_4.png,Male
1983,./image_data/secondary_school_teacher_2_1_5.png,Non-Male
1984,./image_data/lawyer_1_5.png,Male
1985,./image_data/financial_analyst_2_4_2.png,Male
1986,./image_data/secondary_school_teacher_2_11_8.png,Non-Male
1987,./image_data/dentist_2_12_9.png,Male
1988,./image_data/dentist_2_18_9.png,Male
1989,./image_data/fitness_instructor_2_0.png,Non-Male
1990,./image_data/dentist_2_6_1.png,Male
1991,./image_data/lawyer_2_12_3.png,Male
1992,./image_data/dentist_2_1_1.png,Male
1993,./image_data/lawyer_2_10_0.png,Male
1994,./image_data/secondary_school_teacher_2_7_0.png,Non-Male
1995,./image_data/fitness_instructor_2_1_0.png,Non-Male
1996,./image_data/secondary_school_teacher_2_1_0.png,Non-Male
1997,./image_data/dentist_2_5_8.png,Male
1998,./image_data/fitness_instructor_0_4.png,Male
1999,./image_data/bartender_2_8.png,Male
2000,./image_data/cook_2_18_8.png,Male
2001,./image_data/lawyer_2_6_4.png,Male
2002,./image_data/pharmacist_2_1_9.png,Male
2003,./image_data/secondary_school_teacher_2_7_5.png,Non-Male
2004,./image_data/secondary_school_teacher_2_2_9.png,Non-Male
2005,./image_data/secondary_school_teacher_2_9_9.png,Male
2006,./image_data/lawyer_2_8.png,Male
2007,./image_data/fitness_instructor_2_4_5.png,Male
2008,./image_data/fitness_instructor_3_6.png,Non-Male
2009,./image_data/bartender_2_6_0.png,Male
2010,./image_data/dentist_2_6_5.png,Male
2011,./image_data/secondary_school_teacher_2_13_3.png,Male
2012,./image_data/biological_scientist_2_10_5.png,Male
2013,./image_data/lawyer_2_3.png,Male
2014,./image_data/cook_2_1_6.png,Male
2015,./image_data/bartender_2_7_8.png,Male
2016,./image_data/financial_analyst_2_10_2.png,Male
2017,./image_data/dentist_2_7_9.png,Male
2018,./image_data/janitor_2_16_0.png,Male
2019,./image_data/janitor_2_16_1.png,Male
2020,./image_data/bartender_2_14_3.png,Male
2021,./image_data/lawyer_2_7_5.png,Male
2022,./image_data/dentist_2_3_4.png,Male
2023,./image_data/pharmacist_2_2_3.png,Male
2024,./image_data/fitness_instructor_2_12_3.png,Male
2025,./image_data/secondary_school_teacher_2_15_3.png,Non-Male
2026,./image_data/secondary_school_teacher_2_17_7.png,Male
2027,./image_data/janitor_2_16_5.png,Male
2028,./image_data/lawyer_2_7_4.png,Male
2029,./image_data/janitor_2_9_1.png,Male
2030,./image_data/biological_scientist_2_7_9.png,Male
2031,./image_data/lawyer_4_8.png,Male
2032,./image_data/pharmacist_2_15_9.png,Male
2033,./image_data/janitor_2_6_3.png,Male
2034,./image_data/fitness_instructor_4_9.png,Male
2035,./image_data/bartender_4_9.png,Non-Male
2036,./image_data/fitness_instructor_2_5_1.png,Non-Male
2037,./image_data/janitor_2_6_4.png,Male
2038,./image_data/fitness_instructor_2_9_5.png,Non-Male
2039,./image_data/biological_scientist_2_7_2.png,Non-Male
2040,./image_data/cook_2_16_7.png,Male
2041,./image_data/bartender_2_5_9.png,Male
2042,./image_data/secondary_school_teacher_2_8_9.png,Non-Male
2043,./image_data/bartender_2_10_7.png,Male
2044,./image_data/fitness_instructor_2_3_0.png,Male
2045,./image_data/bartender_2_4_7.png,Male
2046,./image_data/fitness_instructor_2_0_0.png,Non-Male
2047,./image_data/financial_analyst_2_9_1.png,Male
2048,./image_data/fitness_instructor_1_9.png,Male
2049,./image_data/lawyer_3_6.png,Male
2050,./image_data/cook_2_14_0.png,Male
2051,./image_data/financial_analyst_2_19_9.png,Male
2052,./image_data/pharmacist_2_12_2.png,Male
2053,./image_data/janitor_2_3_6.png,Male
2054,./image_data/janitor_2_5_0.png,Male
2055,./image_data/bartender_4_4.png,Male
2056,./image_data/secondary_school_teacher_2_12_8.png,Male
2057,./image_data/dentist_2_1_8.png,Male
2058,./image_data/dentist_2_15_6.png,Male
2059,./image_data/financial_analyst_2_9_7.png,Male
2060,./image_data/dentist_2_10_6.png,Male
2061,./image_data/bartender_2_13_4.png,Male
2062,./image_data/cook_2_7_1.png,Male
2063,./image_data/secondary_school_teacher_2_15_5.png,Non-Male
2064,./image_data/biological_scientist_2_9_0.png,Non-Male
2065,./image_data/fitness_instructor_2_1_1.png,Male
2066,./image_data/bartender_2_5_7.png,Male
2067,./image_data/pharmacist_2_12_6.png,Male
2068,./image_data/janitor_2_15_9.png,Male
2069,./image_data/financial_analyst_2_0_6.png,Male
2070,./image_data/biological_scientist_2_19_8.png,Male
2071,./image_data/cook_2_11_5.png,Male
2072,./image_data/janitor_2_6_1.png,Male
2073,./image_data/bartender_2_9_0.png,Male
2074,./image_data/dentist_2_20_2.png,Male
2075,./image_data/pharmacist_2_17_7.png,Male
2076,./image_data/dentist_2_2_0.png,Male
2077,./image_data/lawyer_1_2.png,Male
2078,./image_data/janitor_2_17_9.png,Male
2079,./image_data/secondary_school_teacher_2_7_7.png,Non-Male
2080,./image_data/biological_scientist_2_12_1.png,Male
2081,./image_data/bartender_2_15_9.png,Male
2082,./image_data/financial_analyst_2_2_2.png,Male
2083,./image_data/bartender_2_3_1.png,Male
2084,./image_data/lawyer_3_1.png,Male
2085,./image_data/pharmacist_2_3_6.png,Non-Male
2086,./image_data/bartender_1_1.png,Male
2087,./image_data/financial_analyst_2_7_1.png,Male
2088,./image_data/financial_analyst_2_8_8.png,Male
2089,./image_data/lawyer_2_11_4.png,Male
2090,./image_data/biological_scientist_2_8_5.png,Male
2091,./image_data/janitor_2_2_4.png,Male
2092,./image_data/secondary_school_teacher_2_12_5.png,Male
2093,./image_data/janitor_2_19_1.png,Male
2094,./image_data/financial_analyst_2_11_5.png,Male
2095,./image_data/fitness_instructor_1_5.png,Non-Male
2096,./image_data/pharmacist_2_5_1.png,Non-Male
2097,./image_data/fitness_instructor_2_6_9.png,Male
2098,./image_data/fitness_instructor_1_0.png,Non-Male
2099,./image_data/bartender_0_4.png,Non-Male
